tanggal,tn,tx,tavg,rh_avg,rr,ss,ddd_x,ddd_car,ff_x,ff_avg
2020-01-01,24.2,32.6,27.6,81,0.0,4.3,350,C ,6,2
2020-01-02,23.3,32.4,27.5,81,0.0,6.5,300,C ,3,1
2020-01-03,23.6,29.8,27.4,86,,3.0,300,W ,5,2
2020-01-04,24.1,29.4,26.0,90,3.5,0.5,270,C ,3,1
2020-01-05,23.0,32.1,27.0,85,1.7,0.2,290,C ,3,1
2020-01-06,20.2,31.2,27.0,83,,4.7,290,C ,5,1
2020-01-07,23.0,33.4,27.6,76,0.0,4.5,320,C ,4,1
2020-01-08,21.4,32.4,27.9,79,,7.8,230,W ,5,1
2020-01-09,21.2,31.2,27.2,84,0.0,4.7,20,W ,5,2
2020-01-10,23.6,33.6,28.1,79,2.6,1.6,290,C ,3,1
2020-01-11,23.6,32.2,27.9,81,0.0,5.0,280,C ,4,1
2020-01-12,23.4,33.0,27.6,78,0.0,4.6,280,C ,3,1
2020-01-13,23.0,33.0,28.3,79,0.0,3.2,50,C ,4,1
2020-01-14,23.1,32.8,28.0,80,0.0,5.3,90,C ,4,1
2020-01-15,23.0,33.2,28.1,78,0.0,7.6,280,C ,4,1
2020-01-16,23.0,33.0,28.3,79,0.0,7.7,60,NE,4,1
2020-01-17,24.0,32.4,27.9,81,,5.8,350,C ,5,2
2020-01-18,23.8,32.6,27.8,82,0.0,3.6,290,C ,4,1
2020-01-19,24.0,33.8,27.9,87,0.0,5.7,50,C ,5,1
2020-01-20,23.4,33.4,28.0,85,20.1,5.0,20,C ,5,1
2020-01-21,24.2,31.6,27.2,84,,4.2,70,C ,6,1
2020-01-22,24.4,32.6,27.4,83,,3.6,50,C ,6,1
2020-01-23,22.8,32.0,27.7,80,3.0,4.3,50,C ,4,1
2020-01-24,22.8,33.4,28.2,83,0.0,5.0,30,C ,3,1
2020-01-25,23.8,34.2,29.1,76,0.0,4.4,80,C ,4,1
2020-01-26,24.0,33.0,28.6,79,0.0,6.4,20,C ,3,1
2020-01-27,25.6,34.2,27.6,82,,1.5,30,C ,5,1
2020-01-28,24.0,33.0,27.7,83,2.5,0.8,280,W ,8,2
2020-01-29,23.4,29.4,25.1,93,51.5,4.3,250,C ,2,0
2020-01-30,22.2,32.0,27.4,83,2.0,0.0,260,C ,5,1
2020-01-31,22.2,31.0,27.0,84,0.0,6.0,290,C ,4,1
2020-02-01,22.1,33.4,28.4,81,,0.3,70,E ,6,2
2020-02-02,24.6,30.8,27.9,85,0.0,6.3,100,C ,5,1
2020-02-03,25.0,31.2,27.4,84,0.4,0.5,160,C ,4,1
2020-02-04,24.2,31.3,27.4,83,0.0,,270,C ,3,1
2020-02-05,23.2,32.6,28.1,78,0.0,3.3,270,C ,6,1
2020-02-06,24.2,32.8,27.8,82,,5.8,20,W ,5,2
2020-02-07,23.2,28.6,26.2,78,,2.7,280,W ,4,2
2020-02-08,23.2,32.0,27.7,79,0.0,0.2,280,C ,2,1
2020-02-09,23.2,32.6,27.9,76,0.0,0.5,310,C ,3,1
2020-02-10,23.2,32.3,28.1,82,0.0,7.8,310,C ,3,1
2020-02-11,24.2,33.6,28.0,83,23.0,3.8,20,C ,4,1
2020-02-12,24.6,32.0,27.2,89,0.8,3.2,50,C ,3,1
2020-02-13,24.6,33.4,28.0,86,7.8,2.0,40,C ,5,1
2020-02-14,25.0,32.8,28.4,84,3.3,5.3,270,C ,3,1
2020-02-15,25.0,29.6,25.8,92,,3.8,280,C ,4,1
2020-02-16,22.4,33.2,28.2,83,11.9,2.3,60,C ,5,2
2020-02-17,22.6,,28.1,84,0.0,8.5,20,C ,4,1
2020-02-18,24.2,30.2,25.7,91,1.3,7.6,130,C ,3,0
2020-02-19,23.0,31.6,26.4,87,5.5,,120,C ,3,1
2020-02-20,23.0,32.8,28.0,83,1.5,2.6,80,C ,5,1
2020-02-21,23.4,31.6,27.1,86,,7.2,270,C ,4,1
2020-02-22,23.2,32.0,26.7,86,1.0,3.2,200,C ,2,0
2020-02-23,23.6,32.6,28.0,81,,2.8,30,C ,4,1
2020-02-24,22.3,32.8,27.8,84,0.0,6.5,290,C ,2,0
2020-02-25,23.8,33.2,28.5,81,21.3,6.3,40,C ,4,1
2020-02-26,23.3,32.8,28.6,82,,5.5,350,C ,5,1
2020-02-27,25.2,34.2,29.4,77,0.0,2.3,270,C ,6,2
2020-02-28,25.2,33.8,27.6,82,0.0,6.5,320,C ,4,1
2020-02-29,24.4,33.8,29.4,77,2.2,5.5,30,C ,3,1
2020-03-01,24.4,32.8,28.1,84,0.0,5.4,300,C ,3,1
2020-03-02,25.4,32.2,28.0,86,,2.0,250,C ,3,1
2020-03-03,24.6,33.6,28.6,81,15.3,2.0,320,C ,4,1
2020-03-04,24.2,33.2,28.7,82,0.0,6.5,30,C ,3,1
2020-03-05,25.0,31.4,28.0,85,0.0,4.4,250,C ,3,1
2020-03-06,24.2,33.8,27.8,81,9.6,0.0,260,C ,4,1
2020-03-07,24.2,33.4,28.3,82,,3.0,70,C ,4,1
2020-03-08,24.6,34.0,29.5,79,0.0,5.2,220,C ,4,2
2020-03-09,24.8,33.8,29.5,82,0.0,7.0,280,C ,2,0
2020-03-10,25.0,34.4,28.7,83,0.0,4.5,30,C ,4,2
2020-03-11,24.8,32.2,28.1,83,1.8,2.7,330,C ,5,1
2020-03-12,24.2,34.2,28.9,80,,4.7,260,C ,5,2
2020-03-13,24.0,33.0,29.0,82,0.0,7.2,290,C ,3,1
2020-03-14,26.0,34.2,29.5,80,0.0,3.1,60,C ,4,1
2020-03-15,24.6,35.0,29.5,79,0.0,5.8,40,C ,6,1
2020-03-16,24.6,35.8,29.9,77,0.0,6.4,80,C ,7,1
2020-03-17,25.2,32.6,26.7,87,,7.0,280,C ,4,1
2020-03-18,23.8,33.4,27.7,83,7.5,2.7,270,C ,4,1
2020-03-19,23.0,34.6,28.7,79,2.5,4.9,210,C ,3,1
2020-03-20,23.0,33.0,28.6,80,0.0,6.0,280,C ,4,1
2020-03-21,22.8,33.8,27.5,84,0.5,2.6,70,C ,7,2
2020-03-22,,34.0,29.0,79,55.6,4.9,270,C ,4,1
2020-03-23,24.8,32.4,27.3,86,0.0,7.8,200,C ,2,0
2020-03-24,23.8,33.0,28.3,80,7.8,3.5,200,C ,2,0
2020-03-25,23.8,35.8,29.3,78,,2.5,150,C ,5,1
2020-03-26,23.8,35.4,28.2,80,0.0,7.0,280,C ,9,2
2020-03-27,24.0,32.8,28.2,85,,7.5,270,C ,2,1
2020-03-28,24.0,32.0,28.4,86,1.8,4.1,250,C ,2,0
2020-03-29,24.8,35.4,30.0,79,1.5,4.0,290,C ,3,1
2020-03-30,25.0,33.4,28.4,81,0.0,8.6,320,C ,5,1
2020-03-31,24.4,34.6,29.5,78,0.0,2.5,270,C ,4,1
2020-04-01,24.6,33.2,29.0,82,0.0,6.5,80,C ,3,1
2020-04-02,25.0,34.0,29.1,81,11.8,3.5,290,C ,5,1
2020-04-03,25.2,33.0,28.5,83,0.0,2.2,290,C ,2,0
2020-04-04,24.8,33.6,28.6,80,0.0,0.5,40,C ,4,1
2020-04-05,24.3,31.6,28.2,82,0.0,5.4,230,C ,7,2
2020-04-06,24.6,33.2,26.2,87,,2.1,80,C ,4,1
2020-04-07,24.0,34.0,28.2,81,5.2,4.7,40,C ,4,1
2020-04-08,24.4,35.0,28.7,80,1.1,5.5,30,C ,4,1
2020-04-09,24.7,32.6,27.4,86,2.4,3.6,90,C ,8,1
2020-04-10,24.3,33.0,28.8,82,36.0,3.0,240,C ,3,1
2020-04-11,24.6,35.6,29.8,79,,3.0,100,C ,4,1
2020-04-12,24.6,35.4,29.1,78,,9.6,300,C ,8,1
2020-04-13,25.2,32.0,26.9,91,,6.2,70,C ,3,0
2020-04-14,24.8,32.2,26.9,89,10.4,2.8,350,C ,5,1
2020-04-15,24.1,35.0,30.0,79,16.2,2.0,70,C ,4,1
2020-04-16,24.0,34.8,28.0,86,,8.7,240,C ,5,1
2020-04-17,25.2,31.6,26.4,92,37.6,5.2,40,C ,3,1
2020-04-18,23.9,34.2,29.1,80,9.7,3.1,40,C ,3,1
2020-04-19,23.8,33.0,28.7,83,0.0,9.0,50,C ,4,1
2020-04-20,24.0,34.8,28.5,82,0.0,2.1,60,C ,6,1
2020-04-21,24.8,35.8,29.3,80,,5.4,100,C ,8,1
2020-04-22,24.8,35.2,28.4,83,,6.8,70,C ,3,1
2020-04-23,24.3,32.6,26.7,88,7.4,5.2,60,C ,5,1
2020-04-24,24.2,34.4,29.0,80,1.3,2.0,40,C ,6,2
2020-04-25,24.0,34.4,27.4,88,0.0,8.2,300,C ,12,2
2020-04-26,23.4,31.2,27.7,86,84.4,,260,C ,4,0
2020-04-27,24.0,33.2,27.2,86,,2.0,350,C ,6,1
2020-04-28,23.4,32.8,26.5,89,57.0,5.7,250,C ,4,1
2020-04-29,24.0,32.8,27.4,84,23.6,3.9,50,C ,4,2
2020-04-30,23.4,33.0,27.1,85,21.9,5.2,230,W ,5,2
2020-05-01,23.8,32.0,26.7,87,11.4,,200,C ,7,1
2020-05-02,23.4,32.8,28.7,83,3.1,2.0,330,C ,3,0
2020-05-03,24.0,34.2,26.7,89,0.0,2.5,170,C ,5,1
2020-05-04,24.3,32.8,28.4,84,14.0,2.3,280,C ,3,1
2020-05-05,24.2,34.4,27.8,84,8.4,4.5,200,C ,7,1
2020-05-06,24.2,34.0,29.3,81,15.0,5.5,110,C ,4,1
2020-05-07,25.0,34.8,27.7,87,0.0,7.7,60,C ,7,1
2020-05-08,24.9,34.4,28.4,83,55.6,4.5,300,C ,5,1
2020-05-09,25.0,31.8,27.3,90,6.0,6.0,70,C ,3,1
2020-05-10,25.0,31.6,27.6,88,10.0,0.0,210,C ,9,2
2020-05-11,24.6,33.8,28.1,86,130.9,0.5,150,C ,4,1
2020-05-12,24.0,33.2,28.1,87,38.3,5.5,300,C ,6,2
2020-05-13,24.8,35.0,30.0,80,0.3,3.8,110,C ,5,1
2020-05-14,25.4,33.2,27.6,88,0.0,8.9,50,C ,6,1
2020-05-15,24.4,34.6,29.3,83,39.7,5.0,80,C ,4,2
2020-05-16,23.8,33.0,29.0,84,69.2,8.2,40,C ,4,1
2020-05-17,24.0,30.0,26.1,95,0.0,,290,C ,2,1
2020-05-18,24.4,35.0,29.5,83,14.4,0.0,30,C ,2,1
2020-05-19,24.8,35.0,29.3,81,0.0,3.3,280,C ,3,1
2020-05-20,24.4,34.2,28.7,84,0.0,4.6,270,C ,2,0
2020-05-21,25.8,34.6,29.1,82,3.1,3.5,70,C ,4,0
2020-05-22,25.7,32.0,27.5,88,0.3,5.3,40,C ,6,1
2020-05-23,25.0,34.2,28.8,84,1.0,2.1,50,C ,3,0
2020-05-24,24.8,31.6,27.3,88,,2.6,90,C ,4,0
2020-05-25,24.3,34.6,27.8,87,1.8,1.5,50,C ,5,1
2020-05-26,24.6,33.4,27.5,88,13.1,6.1,60,C ,4,1
2020-05-27,24.2,34.4,28.6,85,5.3,3.5,50,C ,4,0
2020-05-28,24.4,34.2,29.0,82,0.4,6.7,280,C ,4,1
2020-05-29,24.0,32.6,27.1,90,43.0,5.5,280,C ,4,1
2020-05-30,23.8,34.6,29.4,81,1.5,2.8,100,C ,5,1
2020-05-31,24.2,30.0,27.0,92,0.0,9.7,190,C ,3,0
2020-06-01,24.8,34.4,28.8,84,4.9,0.9,80,C ,4,1
2020-06-02,25.0,32.0,27.9,83,5.5,6.9,290,C ,4,1
2020-06-03,24.6,34.4,27.9,84,,2.1,80,C ,4,1
2020-06-04,24.3,31.0,27.5,87,34.4,8.5,280,C ,5,0
2020-06-05,24.3,32.0,25.9,91,,0.7,300,C ,4,1
2020-06-06,23.5,31.0,27.4,86,59.6,1.5,60,C ,3,0
2020-06-07,24.0,32.8,27.6,84,,1.0,340,C ,4,1
2020-06-08,24.2,34.3,29.2,80,,6.5,100,C ,4,1
2020-06-09,24.4,35.2,28.6,82,,9.8,110,C ,4,1
2020-06-10,24.3,33.0,27.6,86,7.0,9.4,290,C ,12,1
2020-06-11,23.0,33.2,28.4,85,51.8,2.3,100,C ,5,1
2020-06-12,24.4,31.2,27.5,88,0.0,3.5,10,C ,3,0
2020-06-13,24.8,34.0,27.6,84,,1.9,220,C ,13,1
2020-06-14,24.2,34.2,28.4,84,,3.5,150,C ,3,1
2020-06-15,24.0,32.8,27.2,91,69.3,6.5,250,C ,9,1
2020-06-16,24.6,32.8,26.7,89,60.5,5.5,300,C ,5,1
2020-06-17,23.4,34.0,27.8,86,35.3,4.2,330,C ,10,1
2020-06-18,23.2,31.0,26.6,89,95.1,4.6,290,C ,3,0
2020-06-19,23.4,,28.5,83,2.1,1.0,90,C ,3,1
2020-06-20,23.2,32.6,27.0,88,1.2,8.5,90,C ,5,1
2020-06-21,23.6,33.6,26.6,88,27.0,2.8,110,C ,6,1
2020-06-22,23.2,33.0,27.0,86,10.1,6.3,40,C ,4,1
2020-06-23,23.0,33.4,27.8,87,39.7,2.8,320,C ,4,1
2020-06-24,23.2,34.6,27.4,83,,3.3,270,W ,5,2
2020-06-25,23.2,34.6,27.1,86,4.5,3.5,250,C ,13,1
2020-06-26,22.8,32.8,28.4,86,88.2,7.5,70,C ,4,1
2020-06-27,24.0,33.2,27.8,86,0.0,4.3,250,C ,6,1
2020-06-28,24.2,32.8,27.5,88,18.8,4.8,220,C ,1,0
2020-06-29,23.4,35.4,29.8,78,,1.7,280,C ,3,0
2020-06-30,23.3,33.0,27.8,85,0.0,8.7,100,C ,4,1
2020-07-01,24.2,32.4,27.0,86,,1.7,290,C ,4,1
2020-07-02,23.2,34.2,27.3,85,2.3,2.1,220,C ,9,2
2020-07-03,23.2,33.4,27.6,84,3.5,4.4,220,C ,8,2
2020-07-04,23.8,34.0,27.6,87,3.3,4.5,90,C ,6,1
2020-07-05,23.3,33.8,28.8,80,5.2,5.8,80,C ,5,2
2020-07-06,23.5,28.0,25.3,92,,7.5,280,C ,6,1
2020-07-07,22.8,31.4,27.5,84,4.4,0.0,40,C ,4,1
2020-07-08,23.0,32.4,27.4,83,0.0,4.6,10,C ,3,1
2020-07-09,24.3,32.7,27.4,87,,4.5,40,C ,5,1
2020-07-10,23.4,32.6,26.3,88,3.0,3.1,220,C ,8,2
2020-07-11,21.2,33.0,27.4,85,43.5,2.1,100,C ,5,2
2020-07-12,22.6,33.6,26.1,90,14.8,7.5,330,C ,12,2
2020-07-13,23.0,31.2,27.3,87,33.5,5.6,120,C ,4,1
2020-07-14,24.2,32.7,28.1,84,,3.2,40,C ,4,1
2020-07-15,24.2,34.2,28.8,81,0.0,2.0,60,C ,3,1
2020-07-16,24.6,31.6,27.9,87,0.0,6.3,120,C ,4,1
2020-07-17,25.0,34.2,28.3,84,5.5,1.5,30,C ,4,1
2020-07-18,23.8,31.0,26.7,90,,4.8,250,C ,4,1
2020-07-19,24.2,33.6,28.4,84,24.5,2.7,90,C ,6,1
2020-07-20,24.0,31.4,26.9,88,0.0,6.6,100,C ,4,1
2020-07-21,23.5,33.4,28.4,83,,2.4,140,C ,3,1
2020-07-22,24.5,30.4,27.1,88,,3.5,280,C ,2,0
2020-07-23,23.8,32.8,26.3,88,17.0,0.3,210,C ,8,1
2020-07-24,23.8,30.8,26.7,90,16.7,4.7,40,C ,3,0
2020-07-25,23.8,30.8,26.9,89,0.8,1.8,100,C ,4,1
2020-07-26,23.8,32.4,26.2,92,8.7,2.3,330,C ,6,1
2020-07-27,24.0,32.4,26.2,90,63.0,3.2,190,C ,11,1
2020-07-28,23.6,34.2,26.8,87,43.0,5.0,250,C ,4,1
2020-07-29,23.6,34.6,28.0,83,7.6,4.9,350,C ,5,1
2020-07-30,23.3,35.4,28.2,82,,6.7,220,C ,5,2
2020-07-31,24.4,33.2,28.5,84,,5.3,240,C ,3,1
2020-08-01,24.6,35.2,28.2,84,,2.2,40,C ,4,1
2020-08-02,24.2,33.3,28.7,84,28.7,7.0,200,C ,2,1
2020-08-03,24.4,35.6,27.9,83,,2.8,240,C ,7,1
2020-08-04,23.8,32.8,28.3,82,8.0,7.8,150,C ,3,1
2020-08-05,,35.0,29.0,81,0.0,,90,C ,6,1
2020-08-06,24.0,35.4,28.8,82,0.0,3.5,260,C ,6,1
2020-08-07,24.8,35.8,29.6,78,2.7,3.5,110,C ,3,1
2020-08-08,25.0,,29.7,80,,8.5,230,C ,6,1
2020-08-09,24.4,36.2,29.5,80,0.0,6.4,290,C ,6,1
2020-08-10,24.8,36.2,29.0,77,0.0,,200,C ,9,2
2020-08-11,24.6,33.8,28.1,86,0.0,8.5,60,C ,6,1
2020-08-12,23.2,30.6,26.1,93,47.0,2.1,60,C ,2,0
2020-08-13,23.6,,26.6,86,2.0,0.1,230,C ,10,2
2020-08-14,22.6,,28.0,82,18.4,6.5,100,C ,4,1
2020-08-15,23.8,33.2,28.8,82,0.0,4.5,300,C ,4,1
2020-08-16,25.0,33.8,28.8,83,0.0,3.5,50,C ,6,1
2020-08-17,24.6,34.0,26.9,87,,3.1,290,C ,7,1
2020-08-18,24.0,34.2,26.7,85,19.5,5.6,40,C ,4,1
2020-08-19,,33.2,27.5,85,9.7,6.5,200,C ,4,1
2020-08-20,23.8,34.2,28.8,82,1.5,2.7,110,C ,5,1
2020-08-21,23.8,32.2,27.4,88,0.0,3.1,330,C ,5,1
2020-08-22,25.4,31.4,25.9,90,2.6,0.5,300,C ,3,1
2020-08-23,23.2,33.4,27.7,82,3.9,1.2,170,E ,5,2
2020-08-24,,34.2,28.5,81,21.8,,50,C ,4,1
2020-08-25,23.7,34.4,28.0,82,0.0,7.8,40,C ,4,1
2020-08-26,23.4,34.0,27.8,84,0.0,4.5,330,C ,4,1
2020-08-27,24.6,32.8,26.8,88,,5.7,130,C ,7,2
2020-08-28,23.8,31.6,27.4,85,30.3,4.4,30,C ,2,0
2020-08-29,23.8,33.2,27.7,84,,,110,C ,4,1
2020-08-30,23.6,31.8,27.8,85,0.0,1.3,50,C ,4,0
2020-08-31,24.9,32.0,26.3,91,0.0,1.2,240,C ,9,1
2020-09-01,24.2,35.4,29.0,80,30.0,2.7,20,C ,3,1
2020-09-02,24.3,34.7,27.5,81,,6.3,250,C ,10,2
2020-09-03,23.4,34.2,29.2,80,4.8,7.7,260,C ,3,1
2020-09-04,,31.0,26.5,90,5.4,7.8,90,C ,4,1
2020-09-05,,34.2,26.9,86,6.0,1.0,60,C ,5,2
2020-09-06,23.3,32.4,25.7,89,31.0,5.0,290,C ,9,1
2020-09-07,23.6,33.3,28.0,80,16.9,2.0,60,C ,6,2
2020-09-08,23.6,35.6,28.4,79,,6.2,240,C ,7,2
2020-09-09,23.2,30.2,26.6,90,8.0,8.2,180,C ,2,0
2020-09-10,,34.8,27.4,85,10.9,0.2,130,C ,6,1
2020-09-11,23.4,32.0,26.9,87,27.2,5.7,270,C ,3,1
2020-09-12,23.8,30.8,26.4,89,2.2,4.4,270,C ,3,1
2020-09-13,23.4,31.3,27.3,85,8.3,0.5,60,C ,3,1
2020-09-14,23.8,33.2,26.0,89,,1.7,260,C ,6,1
2020-09-15,22.4,32.2,26.5,89,27.2,2.5,100,C ,6,0
2020-09-16,23.4,33.2,28.5,84,7.6,2.1,40,C ,4,1
2020-09-17,24.2,34.0,28.3,81,,4.0,250,C ,8,2
2020-09-18,23.1,32.0,27.9,83,43.7,4.2,260,C ,4,1
2020-09-19,24.0,34.0,28.2,82,,1.0,200,C ,4,1
2020-09-20,24.6,34.2,28.6,84,,3.5,80,C ,6,2
2020-09-21,24.2,34.2,29.3,80,,2.0,50,C ,3,1
2020-09-22,25.5,33.8,29.1,82,,3.4,50,C ,4,1
2020-09-23,25.4,33.2,27.2,86,0.0,2.5,280,C ,6,1
2020-09-24,24.2,33.2,26.0,90,2.8,2.5,220,C ,9,2
2020-09-25,23.0,33.2,26.3,89,25.5,1.7,290,C ,2,0
2020-09-26,23.1,32.0,27.2,86,,1.2,30,C ,4,1
2020-09-27,23.2,33.6,28.2,80,,1.8,40,C ,5,2
2020-09-28,24.2,35.0,29.1,77,0.0,6.3,70,C ,4,1
2020-09-29,24.2,32.0,26.0,90,2.0,5.8,280,C ,14,2
2020-09-30,22.6,29.4,26.6,88,76.4,3.5,240,C ,2,0
2020-10-01,24.0,30.4,27.4,88,,1.5,250,C ,3,0
2020-10-02,24.2,32.0,26.3,89,2.8,1.1,290,C ,7,1
2020-10-03,23.3,32.0,26.5,88,7.3,1.5,80,C ,4,1
2020-10-04,23.4,33.0,26.5,87,30.0,0.5,250,C ,8,2
2020-10-05,23.4,32.6,27.5,84,73.5,3.8,40,C ,4,1
2020-10-06,24.2,32.2,27.4,85,0.0,2.4,290,C ,6,1
2020-10-07,24.4,32.2,28.0,82,,3.0,280,C ,4,1
2020-10-08,25.0,,28.9,80,1.0,1.0,50,C ,4,1
2020-10-09,24.4,34.0,28.8,77,0.0,4.7,270,C ,6,2
2020-10-10,25.1,32.0,28.2,80,0.0,5.3,250,C ,4,1
2020-10-11,24.8,32.8,28.7,83,1.1,0.1,80,C ,4,1
2020-10-12,24.8,33.0,26.7,90,0.0,1.5,180,C ,3,1
2020-10-13,24.4,32.0,26.2,89,39.4,3.6,90,C ,4,1
2020-10-14,23.6,34.0,26.5,86,14.2,1.8,230,C ,10,2
2020-10-15,23.2,33.0,27.7,87,25.5,5.6,220,C ,4,1
2020-10-16,23.6,34.0,28.6,83,30.0,4.6,50,C ,6,1
2020-10-17,24.8,34.6,29.0,73,7.0,5.1,230,C ,8,2
2020-10-18,24.8,33.8,28.9,78,0.0,6.9,280,C ,4,0
2020-10-19,,34.1,27.7,84,,1.5,260,C ,6,2
2020-10-20,24.2,34.2,28.4,80,26.1,4.6,40,C ,5,1
2020-10-21,24.1,32.4,27.1,85,,4.8,220,C ,7,2
2020-10-22,23.1,31.0,26.9,87,66.0,0.7,360,C ,5,1
2020-10-23,23.0,32.2,26.6,88,0.0,0.0,30,C ,3,1
2020-10-24,23.8,32.2,26.2,88,11.8,1.6,180,C ,8,1
2020-10-25,23.4,32.9,26.6,86,72.1,1.7,300,C ,8,1
2020-10-26,23.6,29.6,26.6,90,35.1,1.2,110,C ,3,0
2020-10-27,23.2,34.4,28.5,81,0.0,0.0,50,C ,3,1
2020-10-28,,34.8,28.7,80,0.2,8.5,40,C ,7,1
2020-10-29,23.8,33.4,27.9,79,1.1,7.0,140,C ,8,1
2020-10-30,24.0,35.0,27.6,80,5.0,5.2,270,C ,9,2
2020-10-31,23.8,32.4,26.7,84,16.5,7.7,190,C ,6,2
2020-11-01,24.0,32.2,27.0,87,19.5,3.0,200,C ,2,0
2020-11-02,23.9,31.0,27.3,84,1.3,1.2,280,C ,4,1
2020-11-03,24.0,31.8,26.4,86,0.0,2.2,320,C ,6,1
2020-11-04,23.2,31.4,26.4,86,10.7,2.3,340,C ,4,1
2020-11-05,23.2,33.0,26.6,86,26.6,3.0,250,C ,8,1
2020-11-06,23.2,32.0,26.6,89,20.0,5.4,70,C ,4,1
2020-11-07,23.8,,25.6,92,54.9,3.1,220,C ,4,1
2020-11-08,24.0,31.0,26.6,88,29.2,1.8,350,C ,6,2
2020-11-09,,29.6,26.4,88,14.5,2.2,270,C ,3,1
2020-11-10,24.0,30.4,27.4,86,0.0,0.0,80,C ,4,1
2020-11-11,24.8,33.2,28.3,81,0.0,0.9,50,C ,5,1
2020-11-12,25.2,28.4,25.8,92,,5.1,80,C ,9,1
2020-11-13,24.2,31.2,26.6,88,1.6,0.0,260,C ,5,1
2020-11-14,23.2,33.0,28.0,83,10.3,1.9,50,C ,4,1
2020-11-15,23.6,30.8,26.6,90,,5.6,260,C ,3,0
2020-11-16,23.2,32.6,27.2,84,7.3,3.1,90,C ,10,1
2020-11-17,22.8,33.0,27.7,80,12.5,3.2,50,C ,3,0
2020-11-18,22.8,33.0,26.8,87,12.0,5.0,20,C ,6,2
2020-11-19,24.4,32.6,27.6,83,,3.1,10,C ,3,1
2020-11-20,24.0,32.4,27.4,83,0.5,5.5,220,NE,7,2
2020-11-21,24.0,31.8,27.2,82,1.2,2.8,240,C ,5,1
2020-11-22,23.8,,25.8,90,18.3,2.5,290,SW,5,2
2020-11-23,24.0,29.8,25.5,92,2.8,0.2,30,C ,6,1
2020-11-24,23.8,28.8,25.8,88,18.3,1.3,260,C ,6,1
2020-11-25,23.4,31.6,27.7,80,11.8,1.4,310,C ,5,2
2020-11-26,23.4,31.2,26.6,85,0.0,3.9,300,C ,5,1
2020-11-27,23.8,32.2,26.0,88,10.9,3.5,290,C ,3,0
2020-11-28,23.2,32.0,26.9,86,46.6,1.5,100,C ,3,1
2020-11-29,24.6,31.8,27.5,84,5.8,2.4,310,C ,4,0
2020-11-30,24.2,32.6,27.3,83,0.0,2.6,250,C ,4,2
2020-12-01,24.0,31.9,27.6,83,5.5,1.6,230,C ,6,2
2020-12-02,23.8,33.0,26.8,85,1.0,2.7,310,C ,5,2
2020-12-03,23.8,32.4,26.9,86,16.9,6.8,10,C ,5,2
2020-12-04,23.6,,25.6,90,43.0,4.2,200,C ,4,1
2020-12-05,23.2,32.4,25.8,91,24.5,1.1,80,E ,9,2
2020-12-06,23.2,31.6,26.1,90,51.4,2.2,350,C ,4,1
2020-12-07,23.6,32.4,26.8,84,4.5,4.7,80,C ,5,1
2020-12-08,23.2,29.8,26.7,88,0.5,3.4,340,C ,4,1
2020-12-09,23.8,32.2,27.4,81,3.6,1.0,360,C ,5,1
2020-12-10,23.6,32.4,26.4,85,0.0,4.0,280,C ,4,1
2020-12-11,23.4,31.4,27.3,82,33.0,3.6,290,C ,3,1
2020-12-12,24.0,32.3,26.8,81,0.1,1.2,210,W ,8,3
2020-12-13,23.0,31.2,26.9,82,42.5,3.7,10,C ,5,1
2020-12-14,22.3,32.4,28.0,76,,2.3,290,C ,4,1
2020-12-15,23.6,32.0,27.1,83,,7.5,130,C ,5,2
2020-12-16,23.2,,27.2,79,2.6,6.3,290,C ,4,1
2020-12-17,23.2,32.4,27.0,82,5.5,7.1,10,C ,7,2
2020-12-18,24.2,33.0,26.0,85,0.0,5.8,270,C ,5,1
2020-12-19,24.0,31.0,26.9,82,1.5,0.0,250,C ,4,1
2020-12-20,23.2,30.4,26.3,86,0.0,3.1,310,C ,6,1
2020-12-21,23.6,31.4,27.2,81,,1.3,300,C ,3,1
2020-12-22,23.4,29.4,26.2,87,,2.4,30,C ,5,1
2020-12-23,23.6,32.3,27.6,77,1.9,0.0,290,C ,5,2
2020-12-24,,31.8,26.6,84,12.7,3.8,220,W ,7,2
2020-12-25,23.6,31.4,26.8,84,42.7,0.4,250,C ,4,2
2020-12-26,23.0,28.2,25.2,94,88.7,4.3,260,C ,3,1
2020-12-27,23.2,31.4,26.7,86,4.0,0.0,30,C ,6,1
2020-12-28,23.1,32.6,28.0,80,,5.2,10,C ,4,1
2020-12-29,23.2,30.4,26.3,85,0.0,4.7,300,C ,5,1
2020-12-30,23.6,31.4,27.1,78,10.4,,320,C ,5,1
2020-12-31,22.2,31.0,26.8,82,0.0,2.5,280,C ,5,1
2021-01-01,22.2,31.0,26.4,84,1.6,2.5,280,C ,3,1
2021-01-02,23.6,28.8,26.2,84,19.8,2.3,290,W ,6,2
2021-01-03,23.7,30.0,24.4,94,5.6,1.0,300,C ,5,1
2021-01-04,22.8,33.2,26.8,82,1.2,0.0,40,C ,5,2
2021-01-05,23.0,30.6,26.4,86,,2.8,340,W ,5,2
2021-01-06,23.2,28.0,25.9,90,61.1,0.6,230,C ,4,1
2021-01-07,23.2,31.6,27.1,84,1.2,0.0,280,C ,5,2
2021-01-08,24.0,30.6,26.6,85,1.5,2.3,250,C ,3,1
2021-01-09,23.6,30.8,26.1,89,28.1,2.8,40,C ,4,1
2021-01-10,23.6,30.8,25.2,91,8.1,1.3,90,C ,9,1
2021-01-11,23.2,30.4,25.6,90,73.2,0.0,30,C ,6,1
2021-01-12,23.0,30.4,26.2,85,68.9,2.8,350,C ,4,2
2021-01-13,23.0,29.0,25.3,89,9.0,2.9,270,C ,4,1
2021-01-14,23.0,31.3,27.0,81,26.2,0.3,90,C ,5,1
2021-01-15,23.6,33.0,26.9,83,2.5,2.5,60,C ,4,1
2021-01-16,23.6,33.0,25.6,88,18.4,4.5,40,C ,2,0
2021-01-17,23.2,32.8,28.0,79,11.2,3.8,270,C ,5,2
2021-01-18,23.2,30.6,25.0,91,16.2,6.4,320,C ,3,1
2021-01-19,23.2,30.6,26.5,85,108.5,1.4,100,C ,6,1
2021-01-20,22.4,30.2,26.2,84,5.4,1.5,260,C ,3,1
2021-01-21,23.4,32.4,27.6,77,0.0,0.6,40,C ,3,1
2021-01-22,23.6,30.4,25.2,88,0.0,4.9,290,C ,4,1
2021-01-23,23.4,31.0,26.7,82,10.5,1.3,40,C ,3,1
2021-01-24,23.4,31.2,26.7,85,,1.7,30,C ,5,1
2021-01-25,23.2,31.4,27.3,80,2.5,1.2,250,C ,4,1
2021-01-26,23.4,32.4,27.6,79,,2.0,90,C ,4,1
2021-01-27,23.4,31.8,26.9,83,0.0,4.5,40,C ,4,1
2021-01-28,23.6,30.2,26.5,86,1.0,3.0,280,C ,3,1
2021-01-29,23.4,31.4,25.3,91,,0.4,80,C ,2,0
2021-01-30,23.4,31.2,26.5,84,37.7,1.0,310,C ,3,1
2021-01-31,23.2,32.0,27.5,80,0.0,2.6,50,C ,3,1
2021-02-01,23.0,30.4,27.0,85,0.0,6.5,330,C ,2,0
2021-02-02,23.6,31.0,26.8,84,18.0,3.3,300,C ,4,1
2021-02-03,22.6,33.4,28.2,79,0.0,1.8,30,C ,7,2
2021-02-04,23.8,30.0,26.4,87,0.0,6.0,300,C ,6,1
2021-02-05,23.9,31.8,27.3,82,14.1,1.4,290,C ,4,2
2021-02-06,23.2,34.8,28.6,75,0.6,3.7,120,C ,6,2
2021-02-07,24.0,32.6,28.3,79,0.0,7.0,250,C ,3,1
2021-02-08,23.8,33.6,27.4,82,,2.5,40,NE,4,2
2021-02-09,23.4,33.8,28.6,79,23.6,6.0,300,C ,4,1
2021-02-10,23.4,33.2,27.2,85,0.0,0.5,20,C ,7,1
2021-02-11,24.2,32.0,27.3,84,20.7,4.7,260,C ,4,2
2021-02-12,24.0,32.4,28.3,78,0.0,1.3,10,C ,6,1
2021-02-13,24.2,34.0,28.8,77,0.0,6.7,360,W ,6,2
2021-02-14,24.0,34.0,28.9,75,0.0,6.8,30,C ,7,2
2021-02-15,24.0,34.0,28.3,77,0.0,7.5,270,C ,5,2
2021-02-16,23.4,34.0,28.7,75,0.0,7.2,50,C ,7,2
2021-02-17,23.6,33.2,27.8,75,0.0,6.7,10,C ,4,1
2021-02-18,22.4,32.6,27.0,80,,7.0,170,C ,6,2
2021-02-19,22.4,30.4,26.9,78,9.4,6.2,190,W ,6,2
2021-02-20,23.2,31.4,27.5,77,,3.3,40,C ,5,2
2021-02-21,23.0,33.4,28.5,77,0.0,5.3,10,C ,4,1
2021-02-22,24.2,33.2,28.8,77,,5.0,50,C ,5,2
2021-02-23,25.2,33.2,28.6,73,,4.8,30,C ,8,2
2021-02-24,24.6,33.8,28.8,74,0.0,6.3,260,C ,5,1
2021-02-25,24.6,33.6,28.0,78,0.0,7.0,350,C ,7,2
2021-02-26,24.0,34.2,28.8,76,1.5,4.6,300,C ,6,2
2021-02-27,24.4,33.6,28.8,77,0.0,6.9,80,C ,7,2
2021-02-28,24.4,34.8,28.7,76,,8.0,30,C ,4,1
2021-03-01,24.2,32.6,27.0,83,0.0,7.7,40,C ,6,2
2021-03-02,,32.6,28.5,78,,3.8,70,C ,3,1
2021-03-03,23.2,30.6,26.2,84,,5.6,300,C ,5,2
2021-03-04,22.4,33.8,28.4,79,9.1,2.2,50,C ,6,1
2021-03-05,22.8,35.0,28.4,76,0.0,7.0,120,W ,6,2
2021-03-06,24.0,34.8,27.1,83,0.0,4.3,300,C ,3,1
2021-03-07,24.2,34.0,26.6,83,0.0,0.9,240,C ,7,1
2021-03-08,,33.8,28.4,77,10.3,2.9,60,C ,6,2
2021-03-09,23.4,33.2,27.8,78,0.0,9.0,230,C ,4,1
2021-03-10,22.6,33.6,27.9,74,,4.7,260,C ,7,2
2021-03-11,22.6,33.4,27.9,76,,7.0,290,C ,5,1
2021-03-12,23.0,31.6,27.3,80,0.0,3.6,320,C ,5,1
2021-03-13,23.4,32.6,26.7,84,4.5,2.7,260,C ,3,1
2021-03-14,23.4,34.0,28.2,77,33.5,2.0,10,C ,7,1
2021-03-15,23.4,32.4,28.3,77,0.0,4.4,280,C ,3,1
2021-03-16,23.2,33.8,27.8,78,0.0,1.0,10,C ,6,2
2021-03-17,23.8,34.0,28.2,75,0.0,7.0,40,C ,6,2
2021-03-18,24.0,33.2,28.5,78,0.0,5.1,20,C ,4,1
2021-03-19,24.3,32.6,28.0,82,1.0,4.1,280,C ,4,1
2021-03-20,24.0,33.6,28.9,76,,4.6,10,C ,5,1
2021-03-21,24.0,33.2,27.5,82,0.0,4.6,290,C ,6,2
2021-03-22,24.0,31.8,28.0,82,14.2,3.1,190,C ,8,2
2021-03-23,24.0,32.2,26.0,88,7.2,3.0,270,C ,5,1
2021-03-24,23.0,30.6,27.1,85,85.5,1.4,10,C ,3,0
2021-03-25,23.4,32.0,26.5,87,0.8,0.0,120,C ,4,1
2021-03-26,23.0,33.8,28.8,75,3.1,0.2,10,C ,4,1
2021-03-27,23.6,32.0,27.8,82,3.0,5.9,100,C ,3,1
2021-03-28,23.0,34.0,27.2,82,0.1,1.3,220,C ,9,2
2021-03-29,24.0,,27.4,86,24.7,6.2,230,C ,5,1
2021-03-30,24.2,34.2,27.9,83,2.5,1.4,300,C ,2,0
2021-03-31,24.0,33.8,28.9,73,1.5,2.5,290,W ,10,3
2021-04-01,24.0,35.0,29.8,70,,3.1,290,C ,7,2
2021-04-02,24.6,35.0,29.2,76,0.0,4.6,320,C ,5,1
2021-04-03,24.8,33.0,27.8,81,0.0,5.5,230,C ,10,2
2021-04-04,24.2,33.8,28.8,78,1.6,1.0,10,C ,3,1
2021-04-05,25.4,34.2,28.3,82,0.2,2.3,60,C ,6,2
2021-04-06,24.4,34.0,27.8,84,5.6,5.3,30,C ,4,1
2021-04-07,24.8,32.0,25.9,91,,3.9,50,C ,10,1
2021-04-08,23.8,34.4,28.1,77,21.5,0.3,290,W ,4,2
2021-04-09,23.2,33.4,28.7,75,0.0,8.1,300,C ,6,1
2021-04-10,24.0,33.4,28.2,79,0.0,2.0,50,C ,4,1
2021-04-11,23.9,32.0,28.3,82,,1.6,80,C ,3,1
2021-04-12,25.4,33.8,28.2,79,0.0,1.5,130,C ,7,2
2021-04-13,23.2,29.8,26.8,85,2.5,4.5,50,C ,4,1
2021-04-14,23.8,32.4,26.9,84,,0.4,220,C ,4,2
2021-04-15,22.7,32.6,27.2,84,89.5,0.6,40,C ,4,1
2021-04-16,22.8,32.0,26.9,84,6.0,1.3,90,C ,4,1
2021-04-17,23.6,32.8,27.9,80,18.6,1.8,40,C ,4,1
2021-04-18,23.8,34.6,28.8,77,0.0,1.6,270,C ,4,1
2021-04-19,23.8,34.4,27.0,80,0.0,7.3,40,C ,5,2
2021-04-20,23.8,33.6,28.5,79,0.8,5.5,50,C ,5,1
2021-04-21,23.4,34.8,28.3,79,0.0,5.3,30,C ,6,1
2021-04-22,24.4,34.2,26.7,83,0.8,6.0,160,C ,8,2
2021-04-23,24.2,33.2,26.8,84,38.3,1.4,290,C ,4,1
2021-04-24,22.6,31.0,26.0,89,38.7,0.0,200,C ,7,1
2021-04-25,22.4,33.4,27.0,84,50.7,3.1,60,C ,3,2
2021-04-26,22.2,33.2,27.7,80,20.3,1.8,250,C ,8,1
2021-04-27,23.8,30.2,26.1,91,0.5,3.5,10,C ,3,1
2021-04-28,24.4,33.0,28.0,82,1.9,0.0,260,C ,3,1
2021-04-29,24.2,32.4,27.5,82,,1.2,110,C ,4,1
2021-04-30,23.4,31.8,28.1,81,2.7,4.8,50,C ,5,1
2021-05-01,23.8,34.2,26.9,85,0.0,2.2,240,C ,6,1
2021-05-02,23.7,35.0,27.9,82,31.7,4.5,170,C ,4,1
2021-05-03,23.8,35.0,29.4,77,,5.6,90,C ,5,1
2021-05-04,26.0,32.0,26.7,87,,8.0,270,C ,5,1
2021-05-05,23.0,33.2,28.2,78,16.5,0.5,170,C ,6,2
2021-05-06,23.2,33.4,27.8,81,28.2,7.0,40,C ,6,1
2021-05-07,23.2,33.2,28.5,79,,5.1,80,C ,3,1
2021-05-08,23.2,33.8,28.4,82,0.0,0.0,270,C ,4,1
2021-05-09,25.2,33.6,27.7,86,,3.0,200,C ,3,1
2021-05-10,24.8,32.6,28.2,84,17.5,2.5,20,C ,2,1
2021-05-11,24.6,35.2,29.2,78,0.0,1.0,330,C ,5,1
2021-05-12,24.3,33.2,27.7,82,1.0,6.5,220,C ,7,2
2021-05-13,23.8,33.8,29.0,75,1.2,3.1,30,C ,3,1
2021-05-14,,33.4,27.6,84,,6.9,300,C ,4,1
2021-05-15,23.6,33.6,28.6,82,13.8,3.2,90,C ,3,1
2021-05-16,24.4,33.2,28.8,81,3.0,5.8,40,C ,6,1
2021-05-17,25.0,34.0,28.3,85,,0.2,180,C ,4,1
2021-05-18,25.2,31.6,28.6,82,14.4,3.4,250,C ,5,2
2021-05-19,25.2,33.2,29.3,78,0.0,0.0,220,C ,3,1
2021-05-20,26.0,33.4,28.8,80,0.0,1.9,110,C ,6,1
2021-05-21,25.6,30.4,27.9,84,0.0,3.8,300,C ,3,1
2021-05-22,24.8,34.0,28.1,81,0.0,1.3,140,C ,3,1
2021-05-23,24.0,35.0,29.5,74,3.5,2.3,50,C ,6,2
2021-05-24,24.0,35.6,29.3,74,0.0,6.5,90,C ,3,1
2021-05-25,24.6,35.4,29.5,73,0.0,7.0,80,E ,5,2
2021-05-26,25.4,32.6,28.0,84,,6.8,290,C ,5,2
2021-05-27,,30.6,27.4,86,,0.7,110,C ,5,1
2021-05-28,24.2,34.2,27.9,81,,0.0,310,C ,7,1
2021-05-29,24.4,35.2,28.6,78,8.4,2.2,210,C ,6,2
2021-05-30,24.4,35.8,28.2,79,3.3,7.8,270,C ,5,2
2021-05-31,24.2,33.8,27.5,84,3.5,7.1,80,C ,10,1
2021-06-01,23.8,35.4,28.9,79,10.0,6.9,270,C ,4,1
2021-06-02,23.4,31.4,27.9,89,33.0,7.8,110,C ,2,0
2021-06-03,25.6,32.6,27.7,88,0.6,0.6,280,C ,4,1
2021-06-04,25.1,32.6,26.6,91,23.5,4.0,270,C ,8,1
2021-06-05,20.6,33.0,28.2,82,,0.7,280,C ,6,2
2021-06-06,20.5,35.2,28.8,76,0.0,3.0,300,C ,6,2
2021-06-07,20.6,35.6,29.2,79,8.6,,50,C ,4,1
2021-06-08,24.8,35.3,29.6,75,0.0,8.2,140,C ,5,1
2021-06-09,25.2,34.2,28.0,80,,5.9,150,C ,3,1
2021-06-10,25.0,,27.8,80,0.0,3.2,250,C ,5,1
2021-06-11,25.0,35.8,29.8,74,1.2,2.0,130,C ,3,1
2021-06-12,25.0,32.6,27.7,82,0.0,7.3,110,C ,4,1
2021-06-13,22.0,34.2,28.5,79,58.0,0.9,170,C ,5,1
2021-06-14,22.2,32.0,28.5,82,2.8,5.9,300,C ,4,1
2021-06-15,25.0,31.4,27.4,86,1.6,4.1,270,C ,6,2
2021-06-16,24.8,34.0,28.9,78,2.7,4.0,250,C ,3,1
2021-06-17,22.5,34.8,29.0,73,,4.3,290,C ,4,2
2021-06-18,22.6,30.8,27.2,82,1.2,8.0,260,C ,4,1
2021-06-19,24.2,33.7,28.1,75,,1.0,70,C ,5,1
2021-06-20,23.9,32.0,25.7,86,,3.7,230,C ,7,1
2021-06-21,22.4,32.8,28.2,77,16.4,2.1,340,C ,5,1
2021-06-22,22.4,34.0,28.8,71,0.0,3.3,280,C ,4,2
2021-06-23,22.2,32.3,28.4,76,0.0,6.2,290,C ,4,1
2021-06-24,22.2,33.2,28.9,75,,1.8,320,C ,6,1
2021-06-25,22.6,33.4,28.2,76,28.3,3.7,360,C ,4,1
2021-06-26,22.3,33.6,28.1,80,0.0,5.9,60,C ,5,2
2021-06-27,24.6,33.0,27.6,82,1.1,3.8,20,C ,5,1
2021-06-28,24.4,33.2,25.9,86,0.7,5.4,290,C ,5,2
2021-06-29,22.2,25.2,24.0,97,41.0,6.7,300,C ,4,1
2021-06-30,21.5,33.0,28.1,75,,0.0,40,C ,6,2
2021-07-01,,33.8,27.7,81,,9.9,50,C ,5,2
2021-07-02,22.6,32.2,27.4,81,45.0,5.8,150,C ,4,1
2021-07-03,23.6,34.2,29.0,75,0.4,4.4,330,C ,6,1
2021-07-04,24.4,33.8,27.3,81,0.0,7.3,50,C ,3,1
2021-07-05,22.3,33.0,26.1,85,1.6,4.9,290,C ,8,2
2021-07-06,23.2,31.6,27.4,82,21.8,2.8,250,C ,6,2
2021-07-07,,34.2,28.2,78,0.0,0.0,270,C ,5,1
2021-07-08,23.6,32.8,27.1,83,4.3,6.8,90,C ,3,1
2021-07-09,22.0,32.6,26.5,88,19.3,3.2,110,C ,3,1
2021-07-10,24.2,31.0,26.8,85,,2.4,70,C ,4,1
2021-07-11,23.8,29.8,26.2,90,7.9,,200,C ,3,0
2021-07-12,23.4,30.4,27.3,88,12.8,0.2,90,C ,4,1
2021-07-13,23.4,31.8,27.7,81,3.5,0.0,70,C ,4,1
2021-07-14,24.7,32.8,26.4,86,0.4,0.2,10,C ,6,1
2021-07-15,23.6,34.0,28.5,78,2.4,2.8,300,C ,3,1
2021-07-16,23.2,34.6,28.9,76,0.0,5.5,50,C ,5,1
2021-07-17,23.6,36.6,29.6,71,0.0,7.3,40,C ,3,1
2021-07-18,23.4,36.8,30.3,62,0.0,10.8,270,C ,5,1
2021-07-19,23.4,36.0,30.1,64,0.0,11.2,270,C ,10,2
2021-07-20,24.0,36.6,29.9,69,,10.5,300,C ,5,1
2021-07-21,23.6,36.0,29.9,72,0.0,10.0,100,C ,3,1
2021-07-22,25.0,36.4,28.3,74,0.0,7.0,200,C ,8,1
2021-07-23,22.8,36.4,30.4,65,,6.3,270,C ,6,2
2021-07-24,24.2,34.5,29.7,75,0.0,8.6,80,C ,5,2
2021-07-25,24.0,35.0,30.0,74,0.0,2.0,40,C ,3,1
2021-07-26,25.0,33.0,28.7,79,0.0,5.6,260,C ,4,1
2021-07-27,24.8,35.0,28.3,76,,0.0,250,C ,9,2
2021-07-28,22.8,35.2,27.7,78,,6.9,250,C ,6,2
2021-07-29,,33.8,28.9,77,7.2,7.1,40,C ,6,1
2021-07-30,19.8,32.4,27.2,84,,5.0,250,C ,4,1
2021-07-31,23.8,34.0,26.8,82,,0.3,200,C ,8,1
2021-08-01,23.4,33.8,28.7,72,55.4,7.0,60,C ,4,1
2021-08-02,,34.0,29.1,76,,4.1,210,C ,3,1
2021-08-03,,,27.0,83,0.0,4.6,40,C ,7,2
2021-08-04,22.8,,27.9,80,38.2,5.3,70,C ,4,1
2021-08-05,24.2,35.4,29.3,75,,4.0,200,C ,2,1
2021-08-06,24.2,34.8,28.9,74,,5.0,50,C ,3,1
2021-08-07,23.6,33.8,28.7,77,,6.4,230,C ,2,1
2021-08-08,,31.6,26.9,88,0.0,1.4,280,C ,4,1
2021-08-09,24.4,32.4,27.8,85,28.8,0.5,210,C ,3,1
2021-08-10,24.4,33.0,27.7,82,1.0,2.4,140,C ,2,1
2021-08-11,24.4,32.5,27.5,84,0.0,2.3,70,C ,2,0
2021-08-12,24.0,33.8,27.1,82,0.3,1.2,150,C ,7,2
2021-08-13,,33.0,26.9,83,58.6,3.9,20,C ,4,1
2021-08-14,20.2,31.4,27.1,86,55.0,2.3,60,C ,3,1
2021-08-15,23.8,31.4,27.3,84,,1.1,50,C ,3,1
2021-08-16,24.3,30.0,25.6,90,24.3,0.0,280,C ,3,1
2021-08-17,23.1,,27.7,80,18.9,0.6,150,C ,3,1
2021-08-18,23.2,34.6,24.4,93,18.8,3.3,310,C ,3,0
2021-08-19,20.4,32.0,29.3,70,6.1,0.0,40,C ,3,1
2021-08-20,23.2,32.0,27.3,80,0.0,2.8,210,C ,2,1
2021-08-21,23.6,,29.0,72,0.0,0.0,70,C ,3,1
2021-08-22,23.2,32.2,28.0,78,,5.5,200,C ,10,2
2021-08-23,21.6,32.4,28.3,76,58.8,3.4,40,C ,5,1
2021-08-24,23.6,30.6,27.4,80,,2.0,100,C ,4,1
2021-08-25,22.4,32.4,28.6,77,,0.0,80,C ,4,1
2021-08-26,20.8,33.4,30.3,68,1.0,2.0,40,E ,6,2
2021-08-27,24.0,31.2,27.8,81,,,120,C ,2,0
2021-08-28,24.2,,26.9,83,2.3,0.0,30,C ,5,1
2021-08-29,23.6,33.4,26.6,86,0.0,2.5,150,C ,4,1
2021-08-30,23.5,,26.6,84,5.9,4.0,180,C ,7,1
2021-08-31,23.2,32.2,26.4,84,5.0,4.6,250,C ,2,0
2021-09-01,23.4,33.9,28.1,78,3.5,1.3,40,C ,7,2
2021-09-02,22.6,33.5,29.8,70,84.6,3.3,60,NE,3,2
2021-09-03,22.4,33.2,29.7,72,1.7,4.5,20,E ,4,2
2021-09-04,22.2,32.6,26.9,85,0.0,2.2,130,C ,3,1
2021-09-05,23.2,31.8,29.1,76,4.9,1.5,80,E ,3,1
2021-09-06,23.0,33.4,30.6,66,,3.7,30,NE,3,2
2021-09-07,23.2,33.8,30.7,68,,6.2,40,C ,5,2
2021-09-08,,34.4,29.3,70,0.0,3.6,240,C ,8,2
2021-09-09,23.6,34.2,29.8,72,40.9,4.0,330,C ,3,2
2021-09-10,20.3,34.2,30.3,69,1.2,5.9,90,C ,7,2
2021-09-11,20.3,34.6,28.3,80,1.9,4.9,180,S ,7,2
2021-09-12,,33.4,28.6,78,68.2,5.3,30,C ,5,1
2021-09-13,22.0,30.6,27.2,82,22.6,2.1,140,C ,2,1
2021-09-14,23.4,34.2,29.9,70,0.8,0.5,300,C ,5,2
2021-09-15,23.2,32.8,30.0,70,0.0,5.2,40,NE,4,2
2021-09-16,,33.4,29.8,76,0.0,3.3,80,E ,4,2
2021-09-17,23.8,32.8,28.4,75,1.7,1.5,280,C ,4,1
2021-09-18,23.6,30.4,27.7,80,0.3,4.3,120,C ,3,1
2021-09-19,23.4,31.6,27.3,83,0.0,0.0,290,W ,3,1
2021-09-20,23.2,32.2,28.3,76,10.0,2.5,310,NE,4,2
2021-09-21,22.8,33.3,30.0,72,3.1,2.0,50,NE,3,2
2021-09-22,,34.4,27.6,77,3.0,5.6,300,C ,10,2
2021-09-23,22.2,35.5,30.5,65,2.7,4.6,40,NE,6,2
2021-09-24,,33.6,30.4,68,0.0,9.8,30,C ,3,1
2021-09-25,20.4,34.3,30.8,69,0.0,3.2,50,C ,5,2
2021-09-26,24.0,31.2,28.6,78,,5.0,50,C ,6,2
2021-09-27,24.0,32.8,29.5,73,1.2,0.5,70,NE,6,2
2021-09-28,,33.0,28.6,77,0.0,2.3,150,C ,4,2
2021-09-29,22.4,30.4,27.9,82,33.0,3.9,150,C ,2,0
2021-09-30,24.0,34.6,30.9,69,1.8,0.0,50,NE,4,2
2021-10-01,24.0,30.4,28.7,70,3.8,4.6,280,W ,3,2
2021-10-02,23.7,35.4,30.3,63,0.0,0.1,250,C ,3,1
2021-10-03,21.6,35.3,31.4,65,0.0,4.6,40,C ,5,2
2021-10-04,23.2,35.6,31.6,59,0.0,8.0,30,NE,7,3
2021-10-05,23.2,33.2,29.9,67,2.3,7.6,300,W ,4,2
2021-10-06,,32.6,29.9,67,0.0,2.7,290,NW,4,2
2021-10-07,22.2,35.3,30.1,69,6.0,1.8,50,C ,5,1
2021-10-08,,35.2,31.2,68,,5.3,270,NE,5,2
2021-10-09,24.2,34.2,31.4,65,,4.5,30,NE,3,2
2021-10-10,24.3,34.6,31.1,71,7.2,5.2,50,E ,3,2
2021-10-11,22.6,36.3,31.7,58,10.2,6.0,100,C ,3,1
2021-10-12,24.5,35.4,31.9,59,,7.5,300,NW,5,3
2021-10-13,24.2,36.2,32.3,63,0.0,6.2,50,C ,3,2
2021-10-14,24.3,37.0,32.8,58,0.0,8.7,270,E ,5,2
2021-10-15,19.8,36.9,32.7,57,0.0,8.1,270,NE,4,2
2021-10-16,24.8,36.0,32.0,60,0.0,9.9,60,NE,4,2
2021-10-17,25.0,31.0,28.1,83,0.0,6.5,250,W ,4,1
2021-10-18,,33.4,28.8,74,75.0,2.1,50,C ,3,1
2021-10-19,21.0,33.0,29.4,76,7.1,,200,C ,5,1
2021-10-20,23.4,30.6,26.8,85,20.0,1.6,240,SW,4,2
2021-10-21,23.4,31.4,28.7,76,35.8,2.5,60,C ,3,2
2021-10-22,23.8,32.4,29.9,71,0.0,1.4,300,W ,4,2
2021-10-23,,34.0,29.7,70,1.3,7.8,30,NE,7,3
2021-10-24,22.4,32.0,28.1,77,50.2,6.0,240,C ,3,1
2021-10-25,23.0,32.8,29.3,74,1.6,3.1,10,C ,8,2
2021-10-26,,33.8,30.3,71,0.3,5.4,270,NE,5,2
2021-10-27,23.4,31.2,28.8,79,4.2,7.5,220,C ,2,1
2021-10-28,25.0,34.0,29.8,73,0.0,0.0,300,C ,3,2
2021-10-29,25.0,33.6,29.9,76,4.4,4.8,200,E ,3,1
2021-10-30,24.2,33.0,29.9,73,1.0,3.2,300,NW,4,2
2021-10-31,23.9,30.4,27.8,80,29.5,5.8,300,C ,3,1
2021-11-01,23.2,32.8,29.6,73,1.6,1.7,30,NE,3,1
2021-11-02,24.0,31.8,28.0,82,17.6,5.6,20,C ,3,1
2021-11-03,22.0,31.8,28.2,76,26.9,3.5,250,C ,3,1
2021-11-04,23.2,30.4,28.1,77,1.7,2.5,300,NW,4,2
2021-11-05,23.4,33.0,30.2,70,0.0,1.9,290,NW,6,2
2021-11-06,23.8,33.4,28.9,77,18.2,8.0,190,C ,9,2
2021-11-07,22.0,33.3,29.3,76,22.8,5.6,120,C ,3,2
2021-11-08,24.2,33.9,29.3,78,0.0,1.8,300,NE,7,2
2021-11-09,21.0,35.0,30.7,68,18.3,5.0,260,W ,6,2
2021-11-10,21.2,31.6,28.4,80,15.5,6.0,330,NW,5,2
2021-11-11,23.0,32.3,28.4,78,11.8,1.3,310,N ,4,2
2021-11-12,23.8,32.2,27.9,78,3.5,3.0,300,W ,4,2
2021-11-13,23.4,32.0,29.1,73,1.8,3.4,50,C ,3,1
2021-11-14,23.6,32.6,29.9,74,0.0,2.8,50,NE,6,2
2021-11-15,23.6,32.4,29.7,77,5.4,4.5,50,C ,3,1
2021-11-16,23.4,32.6,29.9,73,17.8,4.3,250,C ,5,2
2021-11-17,22.8,31.8,27.8,79,22.0,6.6,10,C ,2,1
2021-11-18,23.0,32.0,28.4,80,1.4,1.2,160,C ,3,1
2021-11-19,23.0,33.4,28.8,77,1.0,2.6,250,C ,5,1
2021-11-20,20.2,31.8,29.2,75,1.0,5.0,300,C ,2,1
2021-11-21,23.2,30.6,28.2,80,54.0,0.8,250,C ,4,1
2021-11-22,23.8,34.0,29.8,73,,3.4,300,C ,3,1
2021-11-23,23.3,32.4,28.2,78,85.0,6.3,290,C ,3,1
2021-11-24,23.0,31.4,28.2,82,62.7,4.9,200,E ,7,2
2021-11-25,22.4,32.4,28.8,74,74.4,3.7,290,W ,5,3
2021-11-26,22.6,30.4,27.8,80,19.6,6.6,320,NW,4,2
2021-11-27,23.0,32.4,28.9,74,1.0,0.5,270,W ,4,2
2021-11-28,20.0,32.0,28.2,79,0.8,2.7,300,W ,5,2
2021-11-29,24.2,31.4,28.4,78,8.0,2.0,310,NW,6,2
2021-11-30,24.0,32.2,28.5,80,0.0,3.2,30,C ,4,1
2021-12-01,21.6,33.0,29.7,76,5.2,3.8,120,NE,5,2
2021-12-02,23.8,31.2,28.1,79,0.0,4.7,300,W ,4,1
2021-12-03,23.6,30.8,27.9,80,5.5,0.9,250,NW,2,1
2021-12-04,23.8,31.2,29.1,70,0.0,0.8,10,C ,4,2
2021-12-05,20.2,29.4,26.8,84,0.0,7.3,290,NE,2,1
2021-12-06,23.8,30.2,28.3,77,2.3,1.1,20,NE,4,2
2021-12-07,24.4,31.2,28.5,74,0.0,3.2,270,W ,6,2
2021-12-08,24.2,32.0,29.5,70,0.4,5.0,260,NW,3,2
2021-12-09,23.8,32.0,29.2,74,0.0,3.1,290,W ,3,2
2021-12-10,23.8,29.0,25.7,91,17.0,4.0,280,C ,2,1
2021-12-11,23.8,32.8,29.1,75,6.5,0.0,290,C ,3,1
2021-12-12,23.8,28.8,26.3,88,2.0,5.2,270,W ,4,2
2021-12-13,22.6,32.4,28.4,78,4.0,0.0,300,W ,4,2
2021-12-14,22.8,31.6,28.4,81,0.0,6.3,270,NW,4,2
2021-12-15,24.2,31.2,28.7,79,0.5,3.7,300,W ,3,2
2021-12-16,24.2,30.0,28.1,84,0.5,1.8,290,W ,5,2
2021-12-17,25.4,28.0,26.3,91,0.5,0.0,300,C ,6,1
2021-12-18,23.0,25.2,24.0,96,32.4,1.0,290,W ,5,2
2021-12-19,22.8,28.2,26.3,88,28.6,0.0,280,W ,3,2
2021-12-20,22.8,32.3,28.5,77,0.2,0.2,280,C ,3,1
2021-12-21,23.8,32.4,28.6,78,0.0,3.3,300,NW,5,2
2021-12-22,24.0,30.4,28.1,80,60.4,4.4,290,C ,3,1
2021-12-23,24.0,32.2,29.2,73,0.0,1.6,20,NW,3,2
2021-12-24,23.8,32.8,29.4,71,0.0,6.0,300,W ,5,2
2021-12-25,20.3,32.2,29.5,71,0.0,7.2,250,N ,4,2
2021-12-26,24.2,33.2,29.6,73,0.0,6.4,20,C ,6,1
2021-12-27,21.7,32.4,29.3,72,0.0,5.5,300,NE,4,2
2021-12-28,21.8,32.8,29.6,70,,4.5,280,W ,2,1
2021-12-29,22.5,33.0,29.6,70,0.0,6.3,270,W ,5,2
2021-12-30,,31.8,29.4,74,0.0,6.8,280,W ,3,1
2021-12-31,20.8,28.0,25.8,92,8.3,3.5,300,W ,3,2
2022-01-01,24.0,28.8,25.8,90,12.9,0.2,320,C ,7,2
2022-01-02,23.5,26.6,25.1,92,26.5,1.5,300,W ,4,2
2022-01-03,23.8,31.3,28.0,79,6.5,0.0,210,C ,2,1
2022-01-04,23.8,31.2,28.4,81,3.2,3.1,290,C ,3,1
2022-01-05,22.1,32.0,28.5,74,21.1,1.6,320,NW,3,2
2022-01-06,22.3,31.8,29.0,76,0.0,6.4,300,NW,4,2
2022-01-07,21.2,33.0,30.0,70,0.0,5.1,60,NE,4,1
2022-01-08,23.4,31.8,29.1,78,0.0,4.1,290,C ,3,1
2022-01-09,23.4,33.8,28.4,79,1.4,3.2,280,W ,3,2
2022-01-10,24.0,31.0,27.1,84,18.5,3.0,280,C ,6,2
2022-01-11,23.0,32.0,29.3,72,3.5,1.0,60,C ,3,1
2022-01-12,22.4,34.8,30.2,66,0.0,5.0,50,C ,3,1
2022-01-13,22.1,32.6,29.0,75,0.0,7.5,20,C ,5,2
2022-01-14,23.0,32.2,29.0,71,3.0,3.5,340,C ,2,1
2022-01-15,22.6,33.0,29.6,69,0.0,4.8,20,NE,3,2
2022-01-16,23.0,34.6,30.6,68,0.0,6.7,90,NE,3,2
2022-01-17,25.0,32.2,29.6,73,0.0,6.9,340,N ,4,2
2022-01-18,23.0,29.8,26.9,81,26.2,4.5,270,W ,5,2
2022-01-19,23.2,32.6,29.0,70,0.1,0.6,270,W ,4,2
2022-01-20,23.2,33.0,29.7,71,0.0,5.0,30,C ,6,2
2022-01-21,21.0,33.4,29.8,68,0.5,6.5,30,NE,4,2
2022-01-22,21.0,32.6,29.6,71,2.5,7.4,350,C ,6,2
2022-01-23,24.2,31.0,28.8,77,0.0,4.2,40,NE,4,2
2022-01-24,21.8,,29.3,73,5.3,2.3,60,C ,3,1
2022-01-25,23.8,31.2,27.9,81,12.5,3.2,50,C ,2,1
2022-01-26,23.4,30.6,28.1,81,51.5,0.4,40,C ,3,1
2022-01-27,21.2,,30.2,72,0.0,1.1,200,NE,4,2
2022-01-28,21.9,34.8,30.4,69,,6.5,130,C ,4,2
2022-01-29,22.8,32.6,30.1,74,0.0,7.9,50,C ,3,1
2022-01-30,24.0,32.2,29.0,78,,5.2,60,C ,5,2
2022-01-31,23.0,31.6,29.1,75,18.0,4.3,290,NE,3,1
2022-02-01,21.4,33.4,29.5,73,0.0,1.3,10,N ,2,1
2022-02-02,23.2,32.8,29.6,72,0.0,6.7,350,C ,4,2
2022-02-03,23.4,32.3,27.9,80,0.0,3.8,50,C ,6,1
2022-02-04,19.8,32.4,29.0,76,15.5,5.1,10,C ,3,1
2022-02-05,23.6,33.6,27.9,80,0.3,5.5,100,C ,5,1
2022-02-06,23.8,33.4,29.3,75,12.0,3.4,220,C ,6,2
2022-02-07,23.8,33.0,28.5,78,0.3,2.8,350,C ,3,1
2022-02-08,20.4,31.0,28.1,80,0.0,3.5,300,C ,4,2
2022-02-09,23.6,32.8,28.8,76,3.8,1.6,270,C ,3,1
2022-02-10,24.4,31.0,26.0,88,1.1,3.4,300,C ,3,1
2022-02-11,22.4,32.3,28.0,74,9.0,0.0,40,C ,4,1
2022-02-12,22.4,31.0,28.7,77,1.5,3.4,280,NW,4,2
2022-02-13,22.6,33.0,30.0,68,0.0,0.7,320,W ,6,2
2022-02-14,23.2,33.6,29.7,74,,6.3,270,C ,3,2
2022-02-15,23.2,33.4,28.3,80,22.9,4.3,240,C ,3,1
2022-02-16,20.0,32.6,29.0,78,21.6,5.4,150,C ,5,1
2022-02-17,24.0,30.8,28.5,80,9.6,3.7,30,C ,3,1
2022-02-18,24.0,34.7,31.5,67,,1.2,70,E ,6,2
2022-02-19,24.2,32.7,30.2,77,0.6,7.6,70,C ,4,1
2022-02-20,24.2,33.0,28.7,77,0.0,4.0,120,C ,4,1
2022-02-21,23.4,34.2,30.0,71,9.4,4.4,260,C ,3,1
2022-02-22,23.8,33.0,29.8,74,,6.8,80,C ,2,1
2022-02-23,23.6,32.0,28.8,76,0.0,2.6,330,C ,3,1
2022-02-24,19.2,29.8,26.4,88,2.5,1.2,260,C ,2,1
2022-02-25,23.4,30.2,26.1,84,9.0,0.5,280,W ,6,4
2022-02-26,,29.6,26.5,86,47.4,0.3,300,NW,6,3
2022-02-27,22.8,31.6,26.9,85,1.6,2.4,40,C ,9,1
2022-02-28,17.9,29.8,26.2,91,128.0,1.6,60,C ,3,1
2022-03-01,23.0,30.6,27.0,86,41.2,1.2,70,E ,3,2
2022-03-02,23.4,33.2,29.5,75,1.5,1.2,60,NE,7,3
2022-03-03,23.6,32.8,29.5,76,46.0,7.6,30,W ,5,2
2022-03-04,23.8,33.2,30.4,71,,5.9,280,W ,5,2
2022-03-05,25.0,33.0,28.7,76,5.2,7.3,280,W ,6,3
2022-03-06,24.0,33.2,29.6,72,1.8,4.7,20,C ,6,2
2022-03-07,24.6,33.0,29.4,76,0.0,3.4,280,C ,4,2
2022-03-08,23.2,,28.5,76,10.1,3.5,110,NE,4,2
2022-03-09,23.4,33.8,29.4,75,,4.6,50,NE,5,2
2022-03-10,22.8,32.0,28.4,78,75.2,5.4,40,C ,6,2
2022-03-11,22.8,34.0,29.8,73,0.0,2.8,240,C ,7,2
2022-03-12,23.8,33.8,30.5,71,0.0,5.9,50,NE,4,2
2022-03-13,23.8,33.4,29.7,75,0.0,7.2,40,C ,5,2
2022-03-14,23.8,34.0,30.2,72,5.4,8.2,290,NW,7,2
2022-03-15,24.2,34.8,29.9,75,0.0,7.3,260,C ,3,1
2022-03-16,24.0,33.8,29.2,79,,4.7,20,C ,4,1
2022-03-17,24.0,33.6,28.5,81,2.3,4.2,220,C ,8,2
2022-03-18,23.9,33.8,30.0,74,9.4,1.6,210,C ,3,1
2022-03-19,24.2,36.6,32.0,63,0.0,1.3,230,W ,6,3
2022-03-20,24.4,36.2,32.7,61,0.0,7.7,200,SW,5,2
2022-03-21,25.0,33.2,29.7,78,0.0,7.5,350,C ,3,1
2022-03-22,24.8,35.0,31.2,70,,3.8,10,C ,3,1
2022-03-23,25.0,35.2,30.6,73,14.0,5.7,50,C ,6,2
2022-03-24,22.4,34.2,30.5,74,18.6,5.4,50,NE,5,2
2022-03-25,24.0,34.2,30.1,75,0.0,4.8,30,C ,3,1
2022-03-26,24.2,35.0,30.6,72,0.0,4.3,340,N ,3,2
2022-03-27,22.2,33.6,29.6,71,1.7,5.5,280,C ,4,1
2022-03-28,23.5,34.8,31.3,67,,3.0,10,NW,5,2
2022-03-29,24.2,34.5,30.8,69,0.0,9.2,270,C ,3,1
2022-03-30,24.8,34.6,31.4,68,0.0,4.1,310,NW,3,1
2022-03-31,21.7,33.2,29.6,73,0.0,7.5,270,C ,4,1
2022-04-01,21.6,34.4,31.0,68,0.0,2.4,270,NW,3,1
2022-04-02,25.0,33.4,30.0,71,0.0,7.0,20,C ,5,2
2022-04-03,23.4,32.8,28.0,80,18.3,1.7,340,W ,6,2
2022-04-04,23.2,33.0,29.5,71,18.0,2.6,320,C ,3,1
2022-04-05,20.4,32.3,28.5,78,0.5,3.1,300,NW,4,1
2022-04-06,24.2,31.6,28.2,80,1.5,2.5,330,NW,3,1
2022-04-07,24.0,28.0,26.5,84,0.3,1.9,230,C ,3,1
2022-04-08,24.0,34.2,29.1,74,0.0,0.8,290,C ,10,2
2022-04-09,23.0,33.2,28.8,77,50.3,7.1,300,C ,3,2
2022-04-10,23.0,34.2,30.8,68,0.0,2.9,70,C ,5,1
2022-04-11,24.2,34.5,28.5,77,0.0,7.5,60,C ,10,2
2022-04-12,23.2,34.2,30.0,73,24.0,4.8,50,C ,3,1
2022-04-13,23.2,33.4,29.8,75,4.6,6.5,300,C ,4,1
2022-04-14,23.8,35.2,31.4,67,3.2,6.0,280,C ,5,2
2022-04-15,24.4,34.4,31.2,69,1.0,8.8,140,C ,2,1
2022-04-16,24.4,35.2,31.3,69,0.0,6.0,50,NE,6,2
2022-04-17,25.6,35.6,31.8,66,2.0,6.6,250,W ,4,2
2022-04-18,25.4,34.2,29.2,77,0.0,7.5,60,C ,7,2
2022-04-19,24.0,33.6,29.3,78,1.1,4.7,10,C ,4,1
2022-04-20,24.0,32.2,29.0,77,24.8,5.2,20,C ,5,1
2022-04-21,24.4,33.4,30.4,74,0.4,3.4,40,C ,4,1
2022-04-22,24.8,32.8,30.4,76,0.0,3.2,60,NE,3,1
2022-04-23,25.4,31.6,28.6,82,0.0,1.8,230,C ,3,1
2022-04-24,24.3,34.8,31.5,69,0.4,0.2,30,NE,4,2
2022-04-25,25.0,34.4,29.8,75,0.0,6.2,210,C ,8,2
2022-04-26,23.8,33.0,29.6,76,16.4,3.5,60,C ,3,1
2022-04-27,24.4,34.6,30.7,75,,1.6,310,C ,7,2
2022-04-28,24.4,34.2,30.6,76,2.5,4.0,250,NE,3,2
2022-04-29,25.4,35.0,31.5,71,0.0,2.2,280,W ,4,2
2022-04-30,25.4,33.6,30.0,76,0.0,6.2,290,W ,5,2
2022-05-01,24.4,34.5,28.5,81,14.8,5.7,200,C ,11,1
2022-05-02,22.0,34.4,29.7,74,13.4,5.8,310,NE,4,2
2022-05-03,24.8,31.8,28.7,82,21.5,3.6,60,S ,3,1
2022-05-04,24.7,33.4,30.2,78,0.0,0.4,50,NE,3,1
2022-05-05,23.4,35.0,29.4,81,2.3,3.4,60,NE,4,2
2022-05-06,24.8,35.0,30.7,73,8.5,5.4,30,C ,6,1
2022-05-07,25.4,34.8,30.6,78,,2.8,80,NE,4,2
2022-05-08,24.6,33.6,30.2,79,18.8,3.9,90,C ,4,1
2022-05-09,26.0,31.8,29.4,84,4.0,2.6,320,C ,3,1
2022-05-10,25.8,34.8,31.7,74,0.0,0.0,80,E ,4,1
2022-05-11,24.6,33.6,29.1,82,4.7,7.7,330,C ,10,1
2022-05-12,20.8,34.2,30.4,70,1.9,3.7,210,W ,9,2
2022-05-13,25.2,33.8,31.1,74,,7.3,90,NE,3,1
2022-05-14,25.2,35.2,31.8,71,,6.2,20,NE,4,1
2022-05-15,25.0,33.2,29.1,82,0.0,8.6,60,C ,3,1
2022-05-16,25.0,29.2,28.0,86,6.3,2.6,40,C ,2,0
2022-05-17,25.1,33.8,30.9,75,,0.0,100,E ,3,1
2022-05-18,23.4,35.0,31.7,68,0.0,4.8,70,C ,4,2
2022-05-19,25.2,34.4,31.2,71,0.0,6.5,60,NE,4,2
2022-05-20,,34.4,31.3,71,0.0,4.8,50,NE,4,2
2022-05-21,24.8,34.3,31.3,72,0.0,6.8,50,C ,6,2
2022-05-22,23.2,34.6,29.7,75,3.8,6.1,220,C ,10,1
2022-05-23,24.0,33.0,30.4,78,19.1,7.2,50,C ,3,1
2022-05-24,25.0,34.0,30.0,78,3.3,5.2,200,S ,3,1
2022-05-25,25.4,28.2,25.9,92,0.0,1.3,300,C ,3,1
2022-05-26,23.2,33.8,29.6,72,3.5,0.0,310,W ,4,1
2022-05-27,24.2,34.4,30.9,71,0.0,3.9,50,C ,3,1
2022-05-28,23.6,34.6,30.9,70,8.6,6.0,50,C ,2,1
2022-05-29,23.8,34.2,30.8,72,0.0,5.1,360,C ,4,2
2022-05-30,23.0,35.0,31.3,70,,4.4,50,E ,5,2
2022-05-31,23.0,35.0,30.4,75,,9.3,320,C ,6,1
2022-06-01,24.6,32.4,29.7,78,5.8,4.8,10,C ,2,1
2022-06-02,22.8,33.0,29.7,77,0.0,2.3,80,C ,6,2
2022-06-03,25.0,36.0,31.4,67,0.0,0.5,290,C ,3,1
2022-06-04,24.8,33.8,30.1,74,2.1,7.1,50,NE,3,1
2022-06-05,23.8,34.0,29.1,75,2.7,3.0,30,C ,2,1
2022-06-06,23.8,33.6,28.1,83,0.0,4.0,300,C ,10,2
2022-06-07,23.2,34.2,28.4,80,48.8,4.2,330,NW,4,2
2022-06-08,23.6,32.4,29.8,74,1.0,3.2,100,C ,3,1
2022-06-09,23.6,34.0,30.2,75,0.0,5.8,60,NE,3,1
2022-06-10,24.4,30.6,27.9,81,,3.4,290,C ,3,1
2022-06-11,24.0,33.8,30.4,67,,0.0,280,W ,6,2
2022-06-12,22.6,32.0,28.3,78,41.5,5.9,40,C ,2,0
2022-06-13,23.4,33.9,30.3,72,0.5,2.2,50,C ,4,1
2022-06-14,20.0,33.4,29.7,76,0.0,6.9,320,C ,4,1
2022-06-15,19.8,32.8,29.2,80,14.1,5.0,120,C ,6,2
2022-06-16,23.6,33.4,29.6,75,11.0,1.9,50,C ,4,1
2022-06-17,23.6,31.0,27.6,84,,7.2,220,C ,3,1
2022-06-18,24.0,33.7,30.3,73,6.5,1.4,30,C ,2,1
2022-06-19,24.2,33.2,29.2,74,,8.1,270,C ,3,1
2022-06-20,22.8,32.2,28.8,77,0.3,7.5,80,C ,3,1
2022-06-21,24.0,32.2,28.7,79,0.0,1.0,70,C ,4,1
2022-06-22,23.8,32.0,29.1,78,49.6,3.5,50,C ,4,1
2022-06-23,23.4,31.8,27.8,82,110.5,4.9,60,C ,3,2
2022-06-24,23.4,31.2,27.8,80,12.7,3.4,60,C ,3,1
2022-06-25,23.4,33.6,30.1,72,0.0,2.6,100,E ,3,2
2022-06-26,21.4,31.8,29.0,77,6.5,8.8,280,W ,2,1
2022-06-27,24.8,34.2,29.3,80,0.0,2.8,50,C ,5,0
2022-06-28,24.6,31.4,27.7,83,2.8,3.2,290,C ,2,0
2022-06-29,24.2,34.6,30.7,70,2.8,0.7,30,C ,3,1
2022-06-30,24.8,35.8,31.8,59,,8.2,240,NE,6,3
2022-07-01,24.9,36.1,31.9,64,0.0,8.3,60,C ,4,1
2022-07-02,24.6,36.2,32.0,59,0.0,,220,S ,9,4
2022-07-03,24.4,35.3,32.5,60,0.0,9.7,280,W ,6,3
2022-07-04,25.0,33.3,30.0,72,12.1,8.8,260,W ,3,2
2022-07-05,24.8,33.4,29.9,79,1.4,3.4,110,NE,3,1
2022-07-06,25.6,32.8,29.8,78,4.5,3.3,100,E ,4,2
2022-07-07,24.0,35.1,31.3,71,4.0,3.0,280,NE,4,2
2022-07-08,24.0,37.0,31.9,65,0.0,8.8,270,E ,5,2
2022-07-09,23.8,35.6,32.6,57,0.0,10.2,220,SW,11,5
2022-07-10,26.4,33.0,30.4,66,0.0,4.9,270,W ,4,2
2022-07-11,21.4,34.2,30.2,71,0.0,1.7,40,C ,4,2
2022-07-12,21.2,31.6,28.2,80,0.0,2.2,70,E ,4,2
2022-07-13,24.9,33.0,30.2,74,2.6,0.3,140,N ,4,2
2022-07-14,23.8,34.6,30.6,71,0.0,3.7,50,C ,4,2
2022-07-15,17.6,34.6,30.6,69,10.0,4.6,190,SE,4,2
2022-07-16,22.0,33.8,29.4,77,27.2,7.5,90,E ,4,2
2022-07-17,23.2,35.0,31.3,72,0.0,4.2,330,C ,3,1
2022-07-18,23.6,35.0,31.4,68,0.0,7.9,290,W ,4,2
2022-07-19,24.8,30.2,28.4,83,0.0,8.5,290,C ,3,1
2022-07-20,23.8,34.4,31.0,68,0.0,0.7,130,C ,7,2
2022-07-21,24.0,33.6,30.2,71,15.1,8.1,90,NE,4,2
2022-07-22,24.0,29.3,27.2,86,0.0,6.9,60,C ,3,0
2022-07-23,22.4,32.8,29.3,76,8.6,0.0,300,C ,2,0
2022-07-24,24.4,32.6,27.7,81,,4.0,230,C ,2,1
2022-07-25,24.0,31.0,28.0,81,9.5,0.8,250,E ,4,1
2022-07-26,23.5,33.2,29.8,72,1.0,0.1,40,C ,2,1
2022-07-27,24.0,33.8,28.9,74,8.3,6.3,120,NE,3,2
2022-07-28,23.8,33.2,29.7,76,28.8,4.8,50,C ,4,2
2022-07-29,21.4,35.6,31.0,67,16.0,4.5,240,C ,10,2
2022-07-30,24.6,34.2,30.5,70,1.3,8.2,250,NE,5,2
2022-07-31,25.0,34.6,31.0,70,0.0,5.9,230,NE,5,2
2022-08-01,24.3,32.0,29.0,82,15.5,9.4,300,C ,3,1
2022-08-02,25.2,32.0,28.1,83,,0.7,70,C ,8,3
2022-08-03,23.6,32.4,28.5,79,44.3,0.0,290,C ,3,1
2022-08-04,23.4,31.2,27.6,81,1.7,2.9,70,C ,3,2
2022-08-05,23.2,33.6,30.2,71,1.4,0.0,60,C ,3,1
2022-08-06,22.6,33.6,30.1,70,14.5,2.7,270,C ,4,2
2022-08-07,24.2,34.2,30.7,68,2.3,3.2,300,NE,4,1
2022-08-08,23.4,36.0,31.5,61,,4.2,50,NE,6,3
2022-08-09,23.4,35.4,30.8,68,0.0,9.7,40,C ,3,1
2022-08-10,22.2,35.4,31.3,69,1.0,6.4,40,NE,5,3
2022-08-11,22.1,35.0,31.3,70,,7.9,20,NE,4,2
2022-08-12,23.8,36.0,31.4,70,0.9,7.0,50,NE,4,2
2022-08-13,24.2,32.6,28.9,82,3.0,5.9,60,C ,5,2
2022-08-14,24.0,33.9,30.6,71,,2.2,60,NE,2,1
2022-08-15,24.0,35.0,30.7,69,0.0,4.1,20,C ,5,2
2022-08-16,21.4,34.9,29.1,74,97.7,7.0,230,C ,5,2
2022-08-17,21.2,33.4,30.1,72,1.0,3.7,60,NE,4,2
2022-08-18,23.2,29.6,26.8,84,98.2,6.6,80,C ,3,1
2022-08-19,22.6,33.2,29.9,74,1.2,0.8,50,NE,5,2
2022-08-20,23.2,31.8,28.8,76,7.0,6.7,280,W ,3,2
2022-08-21,23.4,32.6,28.8,78,28.3,0.7,350,E ,5,2
2022-08-22,23.4,32.8,29.7,72,68.5,2.9,300,NW,5,2
2022-08-23,23.2,33.5,27.5,82,1.0,6.6,80,E ,4,2
2022-08-24,23.0,32.8,29.2,76,2.5,1.3,120,C ,2,1
2022-08-25,23.0,32.0,29.3,78,,6.2,150,C ,4,2
2022-08-26,23.1,33.1,29.6,75,1.8,3.0,280,C ,4,2
2022-08-27,23.6,31.8,28.6,82,38.6,2.0,310,C ,4,1
2022-08-28,21.5,30.0,28.2,79,27.8,1.8,60,C ,5,2
2022-08-29,23.2,33.0,28.0,81,0.0,2.6,230,C ,8,2
2022-08-30,21.4,33.0,28.6,78,54.0,1.9,60,NE,4,2
2022-08-31,24.0,33.2,30.1,75,1.4,3.5,40,C ,5,2
2022-09-01,24.2,29.8,27.4,86,7.0,4.6,270,C ,3,2
2022-09-02,23.4,31.0,28.4,80,3.1,1.4,40,C ,2,0
2022-09-03,23.4,34.8,29.5,73,,1.3,190,E ,6,2
2022-09-04,23.0,34.2,29.4,72,14.0,5.2,30,NE,5,2
2022-09-05,23.0,33.8,30.0,71,0.0,6.3,40,SW,4,2
2022-09-06,24.8,33.7,30.1,76,0.0,2.3,50,NE,5,3
2022-09-07,22.3,33.4,29.7,68,30.1,3.2,270,NE,6,3
2022-09-08,24.4,32.2,29.7,72,,4.7,50,NE,3,2
2022-09-09,24.6,34.2,30.6,69,0.0,0.5,40,C ,6,2
2022-09-10,24.4,34.6,30.2,71,0.0,4.6,50,C ,3,1
2022-09-11,22.2,31.0,27.4,82,3.0,3.9,120,E ,3,1
2022-09-12,23.8,33.8,30.3,68,,0.0,30,C ,6,3
2022-09-13,24.0,31.8,29.6,74,,4.8,340,N ,4,2
2022-09-14,23.0,32.0,28.0,79,4.1,0.0,60,C ,2,1
2022-09-15,23.2,31.8,28.4,77,,0.0,10,W ,4,2
2022-09-16,24.0,34.0,30.7,66,,0.0,50,NE,4,2
2022-09-17,24.3,34.0,29.5,72,0.0,5.6,230,SW,5,2
2022-09-18,22.8,31.4,27.5,79,19.8,3.7,70,C ,3,1
2022-09-19,23.4,34.1,30.5,69,0.0,0.7,80,C ,5,2
2022-09-20,23.6,30.3,27.8,82,0.0,5.4,90,C ,3,1
2022-09-21,22.1,33.4,30.6,66,0.0,0.0,190,NE,5,2
2022-09-22,22.6,32.3,29.0,74,49.2,4.5,130,NE,4,2
2022-09-23,23.0,33.0,28.9,73,0.0,1.9,50,C ,4,2
2022-09-24,23.2,31.2,28.5,81,12.9,5.1,70,C ,5,3
2022-09-25,23.2,32.6,29.3,75,11.7,3.4,50,NE,8,4
2022-09-26,24.0,33.8,29.3,76,19.3,7.0,60,C ,7,2
2022-09-27,23.5,34.6,28.8,76,5.8,4.8,60,C ,9,3
2022-09-28,23.4,33.4,29.2,75,33.2,6.2,290,C ,7,2
2022-09-29,24.0,33.2,30.1,75,1.0,5.1,20,NE,3,2
2022-09-30,24.0,31.0,28.3,81,28.5,2.0,90,E ,6,2
2022-10-01,24.0,31.4,28.1,80,72.5,1.7,70,C ,3,1
2022-10-02,23.7,31.0,28.3,82,0.6,1.1,50,C ,3,1
2022-10-03,23.8,30.6,27.9,83,0.3,0.0,40,C ,5,2
2022-10-04,23.2,33.2,28.3,78,30.0,0.1,40,C ,5,2
2022-10-05,23.4,31.2,28.4,79,8.1,3.8,90,C ,4,0
2022-10-06,23.5,33.0,29.2,77,1.9,1.5,50,C ,6,2
2022-10-07,23.4,33.6,28.3,81,20.0,5.2,80,C ,3,1
2022-10-08,24.2,32.4,28.8,79,6.5,1.4,40,C ,3,1
2022-10-09,24.2,31.6,28.6,77,3.0,3.0,50,E ,3,2
2022-10-10,24.4,32.7,28.9,76,,1.1,80,C ,6,2
2022-10-11,23.8,33.0,29.3,75,0.3,4.2,330,NW,4,2
2022-10-12,23.8,32.6,28.8,74,1.0,4.7,70,NE,3,2
2022-10-13,23.6,30.8,28.5,79,23.2,4.4,30,N ,5,2
2022-10-14,23.8,32.0,28.1,78,2.0,1.2,20,C ,5,2
2022-10-15,21.6,33.6,27.6,80,4.5,1.3,210,C ,14,3
2022-10-16,23.6,33.2,29.3,76,29.4,,50,NE,2,1
2022-10-17,24.2,33.8,29.4,74,2.5,1.6,40,S ,5,2
2022-10-18,23.8,34.3,30.4,72,3.3,2.1,10,NE,4,2
2022-10-19,24.0,34.2,30.1,72,48.0,2.2,30,SE,5,2
2022-10-20,24.2,34.2,30.0,76,3.5,7.0,350,E ,6,2
2022-10-21,24.3,34.2,31.0,69,1.0,6.8,290,NW,4,2
2022-10-22,22.8,29.0,26.8,87,18.0,6.3,240,C ,2,0
2022-10-23,22.8,31.0,28.2,80,0.2,0.8,20,C ,3,1
2022-10-24,23.9,31.0,28.0,84,1.7,0.3,320,C ,4,2
2022-10-25,24.2,28.8,26.7,88,9.2,0.4,220,N ,2,1
2022-10-26,23.8,28.8,26.8,88,6.3,0.6,290,C ,2,1
2022-10-27,21.3,31.0,28.5,80,2.8,0.0,350,C ,5,1
2022-10-28,23.2,31.0,28.3,82,1.0,1.2,20,C ,2,0
2022-10-29,23.8,33.4,29.1,78,27.7,0.0,260,W ,6,2
2022-10-30,24.4,32.4,27.6,86,18.5,7.4,260,W ,4,1
2022-10-31,23.2,31.6,28.6,78,29.3,4.8,290,W ,5,2
2022-11-01,23.6,32.6,29.3,76,0.0,1.5,350,C ,5,1
2022-11-02,23.2,31.8,28.8,76,13.0,2.2,320,NW,3,2
2022-11-03,23.5,32.4,28.2,82,4.1,1.2,200,NW,6,2
2022-11-04,23.6,31.7,26.8,87,14.3,2.5,260,C ,4,1
2022-11-05,23.5,31.8,28.7,81,4.2,1.4,340,C ,4,1
2022-11-06,23.4,31.8,28.9,81,1.0,2.6,290,N ,2,1
2022-11-07,23.4,32.2,28.3,83,16.0,3.5,230,C ,8,2
2022-11-08,23.4,32.4,28.7,83,29.0,4.2,320,C ,2,1
2022-11-09,24.2,31.6,27.6,88,3.0,2.7,280,C ,2,1
2022-11-10,24.0,32.8,27.2,88,10.3,1.7,260,W ,5,2
2022-11-11,23.8,29.3,26.7,87,8.8,0.5,270,C ,4,2
2022-11-12,23.7,29.8,27.6,89,7.5,0.0,290,NW,3,1
2022-11-13,24.4,30.8,26.7,89,,0.2,280,W ,3,2
2022-11-14,23.6,31.8,27.3,85,42.5,0.6,110,C ,9,2
2022-11-15,23.7,32.7,28.7,80,65.5,2.0,50,NE,4,2
2022-11-16,24.4,32.8,29.1,80,18.2,2.3,290,W ,4,2
2022-11-17,23.9,33.4,27.7,82,9.1,5.2,220,C ,6,1
2022-11-18,23.6,33.0,29.2,80,25.5,4.4,350,N ,2,1
2022-11-19,23.7,31.9,28.7,79,61.1,6.2,300,W ,4,2
2022-11-20,23.6,32.4,28.9,78,3.5,5.4,350,C ,4,2
2022-11-21,23.1,32.6,29.1,79,52.2,4.1,280,N ,4,2
2022-11-22,23.4,34.3,29.7,76,1.2,4.1,40,C ,4,1
2022-11-23,20.6,33.0,29.9,79,53.0,6.4,50,C ,4,1
2022-11-24,24.7,32.8,28.5,82,3.7,4.8,150,C ,8,2
2022-11-25,23.1,33.3,29.4,74,72.9,5.1,40,NE,5,2
2022-11-26,24.2,32.8,29.5,78,0.8,5.0,70,NE,4,2
2022-11-27,23.2,31.4,28.6,82,2.0,5.0,45,C ,3,1
2022-11-28,24.3,31.6,28.3,82,0.0,0.7,310,C ,4,1
2022-11-29,24.0,32.3,29.2,76,2.0,3.0,360,NW,4,2
2022-11-30,24.3,33.4,29.9,74,1.5,4.6,350,NW,7,2
2022-12-01,24.2,29.0,26.4,87,0.0,4.5,290,W ,4,2
2022-12-02,23.6,30.9,28.2,80,20.5,2.8,280,NW,3,1
2022-12-03,24.0,28.4,25.7,89,0.7,0.3,270,W ,4,2
2022-12-04,22.2,33.4,29.1,74,0.8,0.0,40,W ,4,2
2022-12-05,24.0,32.6,28.3,82,2.0,6.0,50,C ,5,2
2022-12-06,23.4,32.6,28.9,79,16.4,4.5,340,C ,4,1
2022-12-07,23.8,30.4,28.3,81,0.0,3.8,270,C ,2,1
2022-12-08,23.0,27.6,25.7,89,,0.4,270,W ,3,2
2022-12-09,22.0,28.6,25.1,95,34.5,0.0,250,W ,3,2
2022-12-10,22.6,25.9,24.5,91,8.2,0.0,260,C ,4,1
2022-12-11,21.2,25.2,24.1,94,34.2,0.0,260,W ,4,2
2022-12-12,22.6,29.8,26.9,84,10.0,0.0,280,W ,5,2
2022-12-13,23.4,29.2,26.8,89,1.0,1.1,150,W ,3,1
2022-12-14,23.4,29.0,26.4,90,15.6,0.6,100,E ,6,2
2022-12-15,22.8,32.0,28.0,82,42.4,0.7,150,SE,5,2
2022-12-16,22.7,32.6,29.2,78,1.8,3.1,80,C ,5,2
2022-12-17,23.8,33.3,28.2,82,0.0,4.2,50,C ,4,1
2022-12-18,24.0,31.6,26.6,86,,1.3,350,NE,3,2
2022-12-19,23.2,32.8,28.5,80,45.8,3.4,50,NE,6,2
2022-12-20,23.2,32.0,28.2,80,4.4,4.2,230,C ,7,2
2022-12-21,23.8,31.0,27.5,85,,1.9,260,W ,3,1
2022-12-22,23.7,28.0,26.2,90,,0.8,260,W ,4,1
2022-12-23,23.6,32.0,29.5,73,3.2,0.0,60,C ,5,2
2022-12-24,23.2,31.9,29.1,75,0.0,3.7,350,C ,5,2
2022-12-25,23.4,31.7,28.4,76,0.6,5.4,290,C ,4,1
2022-12-26,23.3,31.0,28.8,79,14.5,2.2,10,C ,4,2
2022-12-27,24.2,26.4,24.9,94,0.3,1.3,200,W ,3,1
2022-12-28,23.2,32.0,28.7,75,23.6,0.0,300,NE,5,2
2022-12-29,23.4,30.3,27.7,82,10.5,4.0,20,N ,4,2
2022-12-30,23.5,30.3,27.7,79,4.2,3.8,260,NW,3,2
2022-12-31,21.8,30.9,27.4,76,26.0,2.9,250,SW,5,3
2023-01-01,21.7,31.0,28.5,71,,2.0,290,NW,6,2
2023-01-02,23.2,32.7,29.1,71,0.0,4.7,290,W ,5,2
2023-01-03,23.4,32.2,28.8,78,0.0,7.1,270,W ,4,2
2023-01-04,23.2,31.8,28.6,78,23.3,4.5,300,NW,3,2
2023-01-05,23.2,30.7,28.2,78,0.2,3.4,320,W ,5,2
2023-01-06,23.8,31.2,28.8,75,,2.6,300,NW,5,2
2023-01-07,23.6,30.8,28.0,78,0.7,3.0,260,W ,4,3
2023-01-08,23.8,30.4,27.7,77,,2.6,310,NW,5,2
2023-01-09,22.4,32.5,29.3,69,0.3,2.1,310,W ,4,2
2023-01-10,24.0,31.2,28.8,76,,7.5,350,W ,5,2
2023-01-11,23.6,30.2,27.7,83,11.3,1.1,120,C ,3,1
2023-01-12,22.6,32.2,27.9,81,1.5,0.0,40,C ,5,2
2023-01-13,23.1,31.6,28.5,79,8.1,5.0,20,C ,4,1
2023-01-14,23.4,32.0,28.5,80,,2.2,30,C ,3,1
2023-01-15,23.4,32.6,29.4,74,,4.3,280,NW,3,2
2023-01-16,23.2,31.2,28.5,77,1.0,3.2,290,NW,5,3
2023-01-17,24.0,31.6,28.5,75,,5.0,290,W ,4,3
2023-01-18,21.8,31.4,28.4,72,,3.1,280,NW,2,1
2023-01-19,22.0,29.4,27.6,80,0.0,4.0,320,NW,4,2
2023-01-20,22.8,31.0,28.7,74,,0.0,300,NW,4,2
2023-01-21,23.8,28.4,24.3,96,21.0,1.5,290,SW,3,2
2023-01-22,23.4,30.2,27.3,83,21.9,0.0,280,W ,6,3
2023-01-23,23.4,29.4,27.3,83,,2.3,270,SW,5,2
2023-01-24,23.4,29.3,25.6,89,3.5,0.2,10,C ,4,2
2023-01-25,22.2,32.8,27.8,80,49.5,0.2,70,C ,6,2
2023-01-26,23.3,31.8,28.5,79,,4.6,20,E ,5,2
2023-01-27,23.0,31.6,28.4,79,4.0,4.1,280,W ,4,1
2023-01-28,23.2,33.4,28.7,78,7.7,2.5,250,C ,3,1
2023-01-29,22.8,33.6,29.8,73,0.5,3.4,60,NE,5,3
2023-01-30,22.4,33.2,29.5,75,10.0,7.4,40,NE,4,2
2023-01-31,23.2,31.3,28.2,82,0.0,5.8,90,C ,4,1
2023-02-01,23.2,32.6,28.4,80,,2.7,280,W ,3,2
2023-02-02,23.6,33.8,30.2,72,,5.6,10,C ,6,2
2023-02-03,23.4,33.8,30.0,73,0.0,4.3,320,C ,6,2
2023-02-04,23.4,32.6,28.9,77,1.0,8.8,50,NE,3,1
2023-02-05,24.2,30.2,26.8,89,,1.0,300,E ,3,1
2023-02-06,23.2,29.8,27.2,84,24.5,0.5,130,C ,3,1
2023-02-07,23.6,32.6,29.6,75,,0.5,280,NW,4,2
2023-02-08,24.6,30.2,27.9,83,,3.7,310,C ,4,2
2023-02-09,24.0,32.2,29.5,75,,0.8,30,NE,4,2
2023-02-10,24.2,33.4,28.8,81,11.3,3.5,50,C ,4,1
2023-02-11,24.4,31.2,29.1,76,4.8,3.3,280,C ,3,1
2023-02-12,24.3,32.8,29.6,76,0.0,0.8,50,W ,4,2
2023-02-13,23.6,32.8,28.4,81,2.1,6.2,300,C ,6,1
2023-02-14,23.0,31.0,28.7,77,32.8,5.1,300,NW,6,3
2023-02-15,23.2,32.0,28.8,77,0.0,3.0,270,NE,5,2
2023-02-16,22.8,34.2,30.0,71,0.4,3.4,50,NE,6,2
2023-02-17,23.0,34.2,30.6,69,,8.5,80,NE,4,2
2023-02-18,23.4,33.0,29.9,72,2.5,8.2,30,W ,6,2
2023-02-19,24.6,30.0,27.8,82,,7.4,280,W ,5,2
2023-02-20,23.2,33.0,29.8,74,4.0,3.3,340,C ,4,2
2023-02-21,23.8,32.2,29.6,76,0.0,6.3,40,NE,6,2
2023-02-22,24.6,32.6,29.1,78,,6.7,60,NE,3,2
2023-02-23,24.4,33.4,29.8,75,1.6,4.0,30,NE,6,2
2023-02-24,23.8,32.0,29.1,77,35.0,4.4,250,C ,3,1
2023-02-25,23.4,32.8,28.4,77,,4.1,250,S ,2,1
2023-02-26,22.0,32.4,28.2,80,,6.0,170,E ,3,2
2023-02-27,23.3,31.0,27.9,78,,5.0,230,SW,3,1
2023-02-28,23.2,31.8,28.0,79,8.4,2.7,50,W ,5,2
2023-03-01,23.2,27.2,24.7,94,34.8,3.1,270,C ,3,1
2023-03-02,23.1,31.9,28.3,79,16.2,0.0,160,C ,4,1
2023-03-03,22.6,32.8,28.1,77,13.0,3.2,260,W ,5,2
2023-03-04,22.6,32.2,29.0,73,0.5,3.6,250,W ,4,2
2023-03-05,,28.8,26.0,89,,8.0,245,SW,3,1
2023-03-06,22.6,32.6,29.4,70,9.2,0.0,300,NW,5,2
2023-03-07,23.2,32.6,29.6,72,0.0,9.5,280,NE,5,2
2023-03-08,24.4,31.7,29.0,76,0.0,6.7,60,NE,5,2
2023-03-09,24.6,32.2,27.8,82,1.2,5.3,40,S ,6,2
2023-03-10,23.6,33.6,29.3,77,0.5,1.9,40,S ,5,2
2023-03-11,23.0,32.4,28.3,82,38.5,6.2,50,C ,6,2
2023-03-12,23.0,33.8,30.0,74,20.6,5.0,30,NE,5,2
2023-03-13,24.6,32.4,28.7,80,2.0,7.6,10,N ,8,3
2023-03-14,24.2,32.4,29.2,72,,3.8,250,W ,4,2
2023-03-15,24.2,33.4,29.3,78,,0.6,320,E ,3,1
2023-03-16,24.4,32.4,29.0,80,17.0,2.4,30,C ,4,1
2023-03-17,23.0,34.6,30.4,73,,2.9,60,NE,4,2
2023-03-18,23.2,34.8,31.3,70,,7.4,110,E ,4,3
2023-03-19,24.8,34.8,31.0,74,,11.0,140,E ,3,1
2023-03-20,25.6,32.4,27.9,84,,4.2,310,W ,7,2
2023-03-21,24.1,31.2,28.1,85,50.7,3.3,50,C ,4,1
2023-03-22,23.6,35.2,30.9,72,0.5,2.0,70,NE,7,2
2023-03-23,23.8,34.2,30.6,74,0.0,7.8,290,N ,5,2
2023-03-24,23.6,32.6,29.4,78,19.6,5.9,20,C ,6,2
2023-03-25,23.6,34.2,29.2,76,0.2,2.5,140,C ,6,2
2023-03-26,24.0,33.2,29.8,76,2.6,5.2,40,W ,6,2
2023-03-27,24.1,32.7,30.2,75,0.2,5.6,30,NE,7,3
2023-03-28,25.0,31.0,28.1,81,0.0,3.7,250,C ,5,1
2023-03-29,23.4,34.2,30.8,74,1.0,2.4,20,C ,3,1
2023-03-30,23.3,34.4,30.9,71,,8.3,310,NW,4,2
2023-03-31,24.2,33.4,30.9,72,0.0,8.4,40,C ,3,1
2023-04-01,24.0,32.6,29.5,74,0.0,4.4,280,NW,3,2
2023-04-02,24.6,32.6,29.1,79,4.0,2.0,1,,270,N
2023-04-03,23.6,28.4,26.5,87,47.0,4.9,230,C,3,1
2023-04-04,23.2,34.3,30.6,71,1.8,0.0,350,N,5,2
2023-04-05,24.6,32.0,28.8,79,7.3,7.0,2,,280,W
2023-04-06,23.4,35.2,30.2,71,0.0,1.0,270,C,2,1
2023-04-07,23.3,34.8,30.9,72,0.0,6.7,30,NE,6,2
2023-04-08,23.6,33.6,30.0,74,8.3,6.8,250,C,4,1
2023-04-09,24.0,31.0,26.7,87,0.0,6.2,220,SW,2,1
2023-04-10,22.2,34.7,30.9,69,28.2,3.5,40,C,4,1
2023-04-11,23.6,33.4,29.8,78,0.0,9.4,50,C,3,1
2023-04-12,23.6,35.4,31.5,70,2.5,5.2,310,W,3,2
2023-04-13,25.7,33.6,30.5,78,0.0,9.9,150,C,5,2
2023-04-14,24.8,35.4,32.2,68,0.5,5.1,50,C,3,1
2023-04-15,24.6,36.5,32.4,69,0.0,8.6,320,NE,5,2
2023-04-16,25.2,35.4,32.1,69,8.6,6.0,3,,10,N
2023-04-17,24.8,35.9,31.8,70,0.0,7.6,30,W,5,2
2023-04-18,26.2,34.4,31.8,73,7.8,5.0,2,,30,NE
2023-04-19,25.2,35.3,29.9,79,26.0,5.7,20,C,4,1
2023-04-20,24.0,31.2,27.6,86,31.4,6.3,290,C,2,1
2023-04-21,23.6,33.4,30.4,76,5.8,0.3,50,NE,3,1
2023-04-22,24.2,34.2,30.7,77,3.0,105.0,NE,,2,
2023-04-23,25.2,35.0,30.2,76,5.1,6.0,2,,260,S
2023-04-24,24.4,35.0,28.6,81,2.5,5.0,250,W,4,2
2023-04-25,23.6,34.3,30.4,75,15.0,4.3,270,W,4,1
2023-04-26,25.2,33.2,29.4,81,5.1,2.0,1,,240,C
2023-04-27,24.7,32.6,29.2,82,8.5,4.0,280,C,3,1
2023-04-28,22.1,33.6,30.0,76,9.6,0.7,340,C,7,2
2023-04-29,24.8,34.8,30.4,77,4.9,5.0,2,,280,W
2023-04-30,25.4,32.4,29.6,82,9.0,5.8,335,W,6,2
2023-05-01,24.6,35.6,31.7,72,,3.8,110,E,6,3
2023-05-02,23.0,35.4,30.6,76,,8.0,90,E ,5,2
2023-05-03,25.0,33.1,30.4,77,0.7,4.8,120,C ,2,1
2023-05-04,25.4,34.4,30.3,78,0.0,3.4,40,C ,5,1
2023-05-05,24.6,34.0,31.3,73,0.0,4.5,360,C ,3,1
2023-05-06,25.2,32.8,29.7,81,32.5,1.8,230,W ,4,2
2023-05-07,25.4,35.4,31.1,75,2.0,3.1,60,C ,5,1
2023-05-08,25.4,34.4,32.0,70,1.5,5.2,240,W ,8,2
2023-05-09,26.4,35.4,32.4,63,0.0,5.7,230,SW,6,3
2023-05-10,25.2,34.3,31.5,72,,3.2,50,NE,4,2
2023-05-11,25.1,35.6,32.4,66,0.0,4.4,80,C ,4,2
2023-05-12,25.0,35.6,32.2,70,0.0,6.6,90,C ,4,1
2023-05-13,25.2,36.2,33.0,70,0.0,6.5,90,C ,4,2
2023-05-14,24.0,35.2,31.0,71,,7.6,100,E ,3,1
2023-05-15,24.4,32.0,29.2,82,0.0,4.2,280,W ,4,2
2023-05-16,25.2,36.2,32.2,71,0.0,1.7,60,C ,3,1
2023-05-17,24.8,35.4,31.2,73,2.0,8.0,150,W ,5,2
2023-05-18,23.6,33.0,29.8,78,16.7,7.0,280,W ,5,2
2023-05-19,23.6,32.6,29.0,81,5.1,1.7,20,C ,2,1
2023-05-20,23.8,35.8,32.0,72,10.5,1.5,40,N ,2,1
2023-05-21,24.0,33.6,29.8,79,33.5,9.3,288,C ,3,1
2023-05-22,23.9,32.3,29.7,80,,2.0,10,E ,4,2
2023-05-23,23.4,33.7,30.5,74,12.3,1.0,290,C ,4,1
2023-05-24,24.5,33.4,30.2,80,,5.4,280,NE,4,2
2023-05-25,24.2,35.4,30.5,77,5.5,2.0,60,C ,4,1
2023-05-26,24.2,33.4,30.3,75,3.8,6.4,40,E ,6,2
2023-05-27,24.0,34.6,30.9,73,18.9,3.1,60,NE,4,1
2023-05-28,25.2,34.8,30.1,77,11.1,8.8,50,NE,5,2
2023-05-29,23.8,36.2,32.1,68,3.5,5.9,150,C ,4,1
2023-05-30,23.8,35.9,31.3,69,,8.3,180,W ,8,3
2023-05-31,24.3,36.0,32.3,68,15.5,8.6,270,C ,2,1
2023-06-01,25.4,34.8,31.7,72,14.0,9.4,70,NE,3,1
2023-06-02,25.6,33.2,30.5,78,0.0,6.8,50,C ,3,1
2023-06-03,25.6,33.4,31.0,77,,1.3,40,NE,3,2
2023-06-04,24.6,33.3,29.5,81,14.5,1.8,60,NE,5,1
2023-06-05,25.0,35.0,30.9,74,0.0,2.6,260,C ,7,1
2023-06-06,24.0,35.0,28.1,86,36.1,7.9,340,C ,4,1
2023-06-07,24.1,33.1,30.7,76,49.5,2.0,30,C ,3,0
2023-06-08,24.8,34.0,31.0,72,,3.7,150,NE,3,2
2023-06-09,25.0,34.8,31.1,75,0.0,5.4,100,C ,3,1
2023-06-10,25.0,34.4,31.7,72,,3.7,90,NE,4,2
2023-06-11,25.4,34.9,29.4,80,,5.8,230,C ,8,2
2023-06-12,24.0,35.0,29.5,77,25.1,4.3,190,C ,16,2
2023-06-13,23.8,36.4,32.0,70,20.5,7.4,40,C ,5,2
2023-06-14,25.6,33.4,30.6,74,,9.9,60,C ,3,1
2023-06-15,24.8,35.9,32.2,68,,2.3,70,E ,3,2
2023-06-16,25.0,35.4,31.2,69,0.0,8.0,50,C ,5,1
2023-06-17,25.0,36.4,33.2,63,,3.4,250,C ,3,1
2023-06-18,25.4,33.4,30.0,75,0.0,9.6,50,C ,4,1
2023-06-19,25.0,34.8,31.8,69,4.5,2.0,50,NE,5,2
2023-06-20,24.9,35.3,31.9,69,0.0,9.0,70,NE,4,2
2023-06-21,25.7,34.0,30.6,74,0.0,8.6,70,C ,3,1
2023-06-22,25.4,32.6,28.4,86,0.0,2.2,110,C ,3,1
2023-06-23,22.3,31.8,27.2,87,17.2,1.3,60,C ,8,1
2023-06-24,24.7,33.3,30.1,76,50.2,0.4,220,C ,3,1
2023-06-25,24.6,33.6,29.9,77,2.0,5.0,30,NW,4,1
2023-06-26,24.8,32.2,30.0,77,0.0,3.5,60,C ,3,1
2023-06-27,24.8,33.7,29.7,78,0.0,1.6,40,C ,6,1
2023-06-28,24.7,33.6,29.2,80,0.0,3.2,60,C ,4,1
2023-06-29,24.4,34.0,30.0,76,21.8,3.6,335,SE,6,2
2023-06-30,24.3,33.9,28.8,81,1.0,5.3,80,S ,3,1
2023-07-01,23.9,33.2,29.7,75,106.0,4.6,240,SW,2,1
2023-07-02,25.2,34.8,30.6,75,,3.6,50,E ,3,2
2023-07-03,24.6,35.0,31.2,71,1.0,6.4,70,C ,3,2
2023-07-04,24.8,33.4,31.2,72,,7.5,10,NE,3,2
2023-07-05,25.4,33.2,30.2,76,0.0,4.8,264,C ,3,1
2023-07-06,25.6,34.4,30.9,74,,3.0,50,C ,3,1
2023-07-07,25.3,33.8,31.7,71,0.0,2.9,120,C ,3,1
2023-07-08,24.8,33.8,29.3,78,2.0,4.9,40,N ,5,2
2023-07-09,24.8,33.4,29.6,79,0.8,2.7,60,C ,3,1
2023-07-10,24.7,32.6,29.0,81,0.4,3.6,330,C ,4,1
2023-07-11,24.2,31.4,27.9,86,55.5,2.2,100,C ,6,1
2023-07-12,24.2,31.3,29.2,79,46.3,0.9,60,NE,3,2
2023-07-13,24.2,33.6,30.0,76,0.4,0.7,150,C ,4,1
2023-07-14,24.4,28.8,26.2,90,10.0,6.3,150,C ,3,1
2023-07-15,21.6,35.6,30.8,66,0.8,0.0,290,NE,3,1
2023-07-16,21.8,34.4,31.4,69,,10.0,60,E ,5,2
2023-07-17,23.8,33.9,31.1,74,0.0,8.3,60,C ,3,1
2023-07-18,25.0,33.2,30.3,79,18.0,3.9,60,C ,3,1
2023-07-19,24.3,30.4,27.9,88,38.0,1.6,190,C ,1,0
2023-07-20,24.4,32.8,29.5,81,,0.0,70,E ,7,2
2023-07-21,24.8,35.0,31.4,72,0.4,0.8,190,C ,3,1
2023-07-22,24.6,35.2,30.5,77,4.0,6.9,290,C ,2,1
2023-07-23,24.4,35.2,30.3,77,0.0,7.0,100,C ,2,1
2023-07-24,25.0,35.4,32.0,68,,3.8,50,NE,5,2
2023-07-25,24.9,36.0,32.0,67,0.0,9.4,260,C ,6,2
2023-07-26,25.8,35.6,31.6,73,0.0,9.0,210,C ,2,1
2023-07-27,25.4,35.3,31.4,74,3.9,6.2,60,NE,4,2
2023-07-28,24.9,35.4,31.9,69,2.0,5.1,50,NE,5,2
2023-07-29,25.0,35.8,31.7,71,0.0,7.3,60,C ,4,1
2023-07-30,25.4,35.0,30.0,78,4.5,7.3,170,C ,3,1
2023-07-31,25.4,33.0,29.4,80,8.8,6.0,110,C ,5,1
2023-08-01,25.0,31.7,28.9,84,,2.9,200,C ,3,1
2023-08-02,26.0,34.6,31.7,71,,0.5,180,C ,6,2
2023-08-03,25.0,34.5,31.2,72,1.2,6.7,40,C ,6,2
2023-08-04,24.7,,29.8,78,28.6,5.1,270,W ,2,1
2023-08-05,25.6,34.0,28.9,82,47.0,5.0,280,C ,5,1
2023-08-06,24.8,34.4,29.5,80,36.0,2.3,280,SW,4,2
2023-08-07,23.0,33.4,29.2,78,54.7,5.2,240,SW,4,2
2023-08-08,23.5,34.0,29.0,80,0.0,5.3,180,C ,2,1
2023-08-09,24.0,32.4,28.7,82,47.0,3.6,80,C ,3,2
2023-08-10,24.2,32.0,28.5,85,8.4,4.5,60,NE,5,2
2023-08-11,24.5,33.3,29.0,79,4.5,1.6,50,NE,5,2
2023-08-12,23.7,34.6,30.2,76,11.0,4.3,210,NE,3,2
2023-08-13,23.2,32.4,29.2,81,41.5,5.5,40,C ,3,1
2023-08-14,24.1,29.0,26.5,90,74.2,1.3,110,C ,2,1
2023-08-15,24.1,33.8,29.8,78,0.8,0.0,40,NE,6,3
2023-08-16,23.8,32.8,29.5,79,43.4,4.7,40,C ,4,1
2023-08-17,24.2,31.8,28.5,83,3.0,2.8,90,E ,3,1
2023-08-18,24.4,32.7,29.6,77,2.0,1.1,50,NE,2,1
2023-08-19,24.0,34.0,29.7,76,19.0,1.8,270,NE,3,2
2023-08-20,24.0,33.6,30.1,76,0.2,4.7,250,C ,3,1
2023-08-21,24.0,32.8,29.3,79,,2.8,140,E ,8,2
2023-08-22,24.4,34.0,29.0,82,7.7,1.4,50,E ,4,2
2023-08-23,24.4,33.8,29.3,79,13.3,3.4,40,C ,7,3
2023-08-24,23.2,29.2,26.9,88,13.1,5.0,10,C ,3,0
2023-08-25,23.6,33.0,30.4,75,0.2,0.0,90,C ,3,1
2023-08-26,23.6,32.2,28.1,83,8.0,4.8,240,C ,4,1
2023-08-27,23.7,33.7,30.8,73,3.0,2.0,10,C ,5,1
2023-08-28,24.2,33.6,29.6,76,6.3,7.1,170,C ,6,2
2023-08-29,24.2,34.4,29.3,78,71.0,3.7,40,SW,5,2
2023-08-30,24.3,32.6,28.2,84,3.0,5.1,210,C ,3,1
2023-08-31,24.1,34.2,30.2,74,38.0,2.6,50,NE,4,2
2023-09-01,24.0,34.2,29.0,80,20.5,4.0,50,C ,5,1
2023-09-02,24.6,33.6,30.0,75,,2.5,200,NE,7,2
2023-09-03,24.2,34.2,29.3,81,56.7,2.8,170,C ,4,1
2023-09-04,24.0,29.4,27.9,83,116.8,3.3,280,C ,2,1
2023-09-05,24.2,30.4,27.2,88,1.0,0.0,220,N ,2,1
2023-09-06,24.0,31.4,28.4,82,11.6,0.2,100,E ,2,1
2023-09-07,24.1,34.7,31.2,70,,0.2,30,C ,5,2
2023-09-08,25.5,34.4,31.2,72,,6.2,10,C ,4,1
2023-09-09,24.3,34.4,31.1,72,,5.6,260,C ,4,2
2023-09-10,24.2,32.6,29.5,79,,3.9,50,NE,4,2
2023-09-11,24.7,35.0,30.7,76,0.0,1.5,70,S ,4,2
2023-09-12,24.8,34.4,30.8,73,0.9,5.2,170,E ,5,2
2023-09-13,23.9,35.4,30.4,78,7.4,2.7,140,C ,6,2
2023-09-14,24.0,33.0,28.1,84,28.9,6.0,220,W ,11,2
2023-09-15,23.5,32.3,29.6,81,72.5,4.3,40,NE,5,2
2023-09-16,23.7,33.4,29.8,78,75.0,1.7,120,E ,3,2
2023-09-17,,32.6,29.8,80,,3.8,115,C ,3,1
2023-09-18,24.4,33.0,27.6,85,9.0,1.7,320,C ,6,1
2023-09-19,23.9,34.0,28.9,82,64.8,2.1,60,C ,8,1
2023-09-20,24.6,29.0,27.0,91,6.8,4.0,290,C ,4,1
2023-09-21,23.9,29.6,27.5,85,4.6,0.4,320,C ,3,1
2023-09-22,24.0,33.2,28.3,81,5.0,0.0,280,C ,4,1
2023-09-23,24.2,33.1,29.0,81,1.5,0.4,160,W ,5,1
2023-09-24,24.6,33.0,29.4,80,,4.3,320,C ,6,2
2023-09-25,24.0,32.6,28.4,83,0.2,3.5,270,NE,6,2
2023-09-26,23.5,34.2,30.7,71,69.0,0.0,60,S ,6,2
2023-09-27,24.0,35.8,31.2,73,0.0,4.5,30,NE,4,2
2023-09-28,24.6,35.4,32.1,70,,7.5,90,E ,3,2
2023-09-29,24.8,34.3,28.3,82,0.0,6.9,30,C ,8,2
2023-09-30,24.0,34.4,30.6,75,45.8,2.4,50,C ,3,1
2023-10-01,24.1,35.1,30.6,74,0.0,4.6,50,NE,4,2
2023-10-02,24.2,34.0,30.0,78,1.2,6.6,300,C ,6,2
2023-10-03,24.4,35.0,29.8,77,7.8,4.8,270,C ,4,2
2023-10-04,24.6,33.0,29.8,79,29.8,5.0,130,C ,3,1
2023-10-05,24.0,33.6,29.8,77,36.6,4.0,60,NE,5,2
2023-10-06,24.4,34.5,29.4,79,,2.5,50,C ,5,2
2023-10-07,24.6,34.6,27.8,86,7.3,6.0,110,C ,2,0
2023-10-08,24.6,32.8,30.4,77,2.0,1.1,280,NE,4,1
2023-10-09,24.6,32.7,29.7,78,,4.2,170,W ,6,2
2023-10-10,25.6,32.3,29.9,80,3.0,4.8,40,C ,4,2
2023-10-11,24.7,33.2,28.8,83,33.1,0.4,50,C ,4,1
2023-10-12,24.2,30.3,28.1,85,8.0,2.3,290,W ,4,2
2023-10-13,24.8,32.8,29.9,78,,2.1,280,NE,4,1
2023-10-14,25.0,32.8,29.9,80,,3.9,200,NE,6,2
2023-10-15,24.3,32.4,29.9,78,19.3,1.9,350,C ,5,1
2023-10-16,24.4,32.5,28.6,81,,4.3,170,NE,4,2
2023-10-17,24.0,30.6,28.0,84,12.6,0.2,60,C ,3,1
2023-10-18,25.0,33.3,30.3,78,,0.4,50,NE,5,2
2023-10-19,24.2,31.4,28.7,82,23.3,5.5,40,C ,4,2
2023-10-20,24.2,30.8,29.0,81,1.6,2.4,290,C ,2,1
2023-10-21,25.0,32.0,28.5,83,,0.8,60,C ,1,1
2023-10-22,24.6,30.0,28.5,82,1.5,0.3,20,C ,5,1
2023-10-23,24.5,31.4,28.0,85,0.5,0.5,290,SW,3,1
2023-10-24,24.0,29.7,27.8,84,37.0,0.8,330,W ,3,1
2023-10-25,23.8,32.8,29.7,76,,1.4,290,C ,4,2
2023-10-26,24.6,33.9,29.2,76,0.0,5.6,50,C ,6,2
2023-10-27,24.5,33.4,29.5,76,1.4,5.2,10,W ,4,2
2023-10-28,24.0,31.6,28.4,81,,4.8,280,C ,3,1
2023-10-29,24.1,29.3,26.0,91,1.5,3.1,130,C ,3,1
2023-10-30,23.4,32.8,29.0,79,31.0,0.8,280,C ,3,1
2023-10-31,24.7,33.0,30.5,73,12.5,5.6,310,C ,2,1
2023-11-01,23.8,32.0,28.9,79,7.0,5.5,270,W ,4,2
2023-11-02,24.2,30.6,28.2,82,2.5,1.8,300,NW,5,3
2023-11-03,23.4,34.0,30.1,76,,0.9,330,NW,7,2
2023-11-04,24.9,31.0,28.5,82,0.5,6.2,320,C ,5,1
2023-11-05,25.0,32.4,28.8,82,1.2,0.0,270,C ,2,1
2023-11-06,24.0,34.1,29.8,76,0.5,4.2,270,W ,4,2
2023-11-07,24.8,31.0,28.1,83,0.0,4.6,290,C ,4,1
2023-11-08,24.6,32.2,29.3,78,,1.7,300,NW,5,2
2023-11-09,23.6,32.6,29.1,77,5.0,1.3,300,NW,4,2
2023-11-10,24.1,32.9,30.0,74,1.0,2.9,260,C ,3,1
2023-11-11,24.2,34.4,30.3,73,1.0,4.8,320,NW,6,2
2023-11-12,24.1,33.6,30.2,76,4.0,6.4,290,W ,5,2
2023-11-13,24.8,33.5,30.4,72,0.0,8.1,50,C ,6,1
2023-11-14,24.1,30.8,28.0,85,28.8,4.7,100,C ,3,1
2023-11-15,24.4,31.2,28.0,82,31.5,0.4,300,C ,4,2
2023-11-16,24.4,32.7,29.8,76,0.2,3.5,310,C ,5,2
2023-11-17,25.2,32.6,29.4,78,,3.4,270,C ,3,1
2023-11-18,25.0,32.1,29.3,80,,3.7,200,W ,4,2
2023-11-19,24.8,29.2,26.6,88,6.2,2.5,110,C ,2,0
2023-11-20,23.5,33.4,29.2,81,20.3,0.0,300,NW,4,2
2023-11-21,24.0,30.6,27.9,82,12.5,2.7,270,W ,4,2
2023-11-22,24.0,29.4,26.6,87,5.8,1.0,250,W ,3,2
2023-11-23,24.3,28.0,26.0,89,21.6,0.0,270,W ,5,2
2023-11-24,24.2,28.6,26.8,86,10.0,0.0,270,W ,3,1
2023-11-25,23.8,33.6,29.9,74,,0.0,280,NW,3,2
2023-11-26,24.6,31.3,28.5,80,0.0,5.6,310,NW,6,4
2023-11-27,24.4,32.8,29.7,73,0.0,2.0,360,NW,6,3
2023-11-28,23.6,34.4,29.6,75,28.1,7.2,50,C ,3,1
2023-11-29,24.0,32.4,28.6,82,0.9,5.6,50,NE,4,1
2023-11-30,24.0,33.2,29.5,81,1.8,2.4,300,C ,4,2
2023-12-01,25.2,32.3,28.9,80,0.2,2.3,295,W ,6,2
2023-12-02,23.4,28.4,26.3,90,2.9,2.4,220,SW,2,1
2023-12-03,24.0,32.4,27.7,83,3.8,0.0,160,C ,4,1
2023-12-04,24.0,32.8,29.5,77,8.2,2.5,20,C ,5,2
2023-12-05,24.0,32.8,29.3,79,,5.1,260,C ,3,1
2023-12-06,22.9,33.0,29.0,78,41.4,1.6,310,C ,2,0
2023-12-07,23.6,29.4,27.6,88,,2.5,340,C ,2,0
2023-12-08,23.9,31.4,29.1,79,0.3,0.2,300,W ,4,2
2023-12-09,24.2,31.7,29.8,77,,1.7,280,C ,3,1
2023-12-10,25.0,30.8,29.1,83,,2.1,330,NW,2,1
2023-12-11,23.9,32.6,29.6,77,0.0,0.6,270,C ,4,1
2023-12-12,24.0,32.6,29.2,76,,3.0,330,W ,4,2
2023-12-13,24.3,32.3,28.0,83,0.0,3.3,10,W ,5,2
2023-12-14,24.2,32.0,28.8,80,9.4,1.0,290,W ,6,2
2023-12-15,25.0,32.2,29.3,78,,2.6,290,NW,6,2
2023-12-16,25.2,32.4,29.7,80,,3.8,340,W ,4,2
2023-12-17,24.6,32.3,28.5,84,0.7,4.9,320,NW,5,2
2023-12-18,25.4,29.3,27.1,89,50.1,2.2,190,C ,2,1
2023-12-19,23.6,31.0,28.5,82,56.5,0.0,270,W ,4,2
2023-12-20,24.0,29.4,27.8,85,0.0,1.1,300,W ,4,2
2023-12-21,24.5,30.9,28.7,81,2.8,1.0,310,C ,5,2
2023-12-22,24.2,28.8,26.4,89,0.0,1.5,280,W ,5,2
2023-12-23,24.4,29.8,27.5,87,3.5,0.6,260,SW,3,1
2023-12-24,24.2,27.2,25.4,95,23.0,0.0,280,W ,3,2
2023-12-25,24.0,29.6,26.7,89,61.7,0.0,190,C ,5,1
2023-12-26,23.6,32.0,28.4,80,20.5,0.4,250,NE,4,2
2023-12-27,23.8,31.1,28.4,84,0.0,2.1,300,C ,4,1
2023-12-28,,30.4,28.6,84,3.0,2.7,300,W ,4,2
2023-12-29,23.7,29.2,27.0,91,9.6,2.6,290,W ,5,1
2023-12-30,24.4,31.1,27.7,87,9.2,0.6,350,C ,4,1
2023-12-31,24.6,32.6,29.3,80,19.7,1.0,290,C ,5,2
2024-01-01,25.0,32.4,29.0,79,0.0,3.8,70,C ,2,1
2024-01-02,24.8,31.7,29.6,79,0.0,0.6,270,W ,4,2
2024-01-03,25.4,30.0,28.5,82,,1.3,270,W ,3,1
2024-01-04,24.6,30.9,28.9,81,0.0,0.3,260,C ,3,1
2024-01-05,24.4,31.6,29.3,80,5.4,1.7,30,C ,4,1
2024-01-06,24.6,31.4,28.9,82,0.0,1.1,310,NW,5,2
2024-01-07,24.0,29.2,27.3,86,27.1,1.7,280,W ,4,1
2024-01-08,24.4,27.0,25.8,93,3.0,0.0,250,C ,3,1
2024-01-09,23.8,31.3,28.2,82,16.4,0.0,280,C ,5,2
2024-01-10,23.9,30.3,27.7,85,1.9,2.0,250,W ,4,2
2024-01-11,24.0,32.1,29.0,78,27.7,2.8,280,C ,4,2
2024-01-12,24.6,32.3,29.8,74,,3.5,300,N ,4,2
2024-01-13,23.4,32.9,29.1,75,0.0,3.5,40,C ,4,2
2024-01-14,23.6,32.6,29.2,77,0.0,5.3,290,W ,4,2
2024-01-15,23.4,32.3,28.9,76,,4.0,280,W ,4,1
2024-01-16,25.0,31.2,28.6,82,2.1,3.6,280,W ,4,1
2024-01-17,24.6,30.4,27.5,86,24.0,1.1,260,W ,4,2
2024-01-18,24.5,28.8,27.5,86,1.9,1.1,310,W ,4,2
2024-01-19,24.8,29.3,27.7,84,4.0,0.5,30,C ,5,1
2024-01-20,23.7,33.2,30.1,72,2.5,0.2,50,C ,5,2
2024-01-21,24.9,33.2,30.4,71,,5.6,330,NW,5,2
2024-01-22,22.7,34.1,30.0,66,,7.3,290,NW,4,2
2024-01-23,22.8,31.8,28.8,74,0.0,7.4,300,NW,6,2
2024-01-24,24.1,32.8,29.2,74,,2.5,360,C ,4,2
2024-01-25,24.1,34.2,29.8,72,4.8,3.5,100,E ,4,2
2024-01-26,24.0,33.8,30.2,71,16.0,5.7,90,E ,6,3
2024-01-27,24.0,33.0,29.1,76,,6.7,40,C ,6,2
2024-01-28,24.2,32.5,27.7,82,1.0,4.0,90,C ,7,2
2024-01-29,24.0,31.8,28.0,77,27.0,2.3,20,C ,4,2
2024-01-30,23.6,32.3,29.6,70,,2.7,60,W ,5,2
2024-01-31,23.6,34.0,30.1,71,,5.4,300,NE,5,2
2024-02-01,24.2,31.8,29.5,75,,6.4,280,C ,4,1
2024-02-02,24.7,33.6,30.8,67,0.3,3.3,40,NE,6,3
2024-02-03,24.2,33.8,29.4,76,0.0,6.3,290,NE,5,2
2024-02-04,24.4,33.6,30.5,71,5.0,4.7,350,C ,4,2
2024-02-05,24.8,34.2,30.9,66,,5.8,300,C ,4,1
2024-02-06,24.0,34.4,30.7,64,0.0,8.7,290,C ,6,1
2024-02-07,24.0,34.2,30.8,63,0.0,8.2,320,W ,5,2
2024-02-08,25.2,34.8,31.4,66,,4.7,340,N ,4,2
2024-02-09,24.6,33.1,29.6,71,0.0,9.0,280,C ,6,1
2024-02-10,24.2,33.7,30.3,68,,2.8,280,C ,4,1
2024-02-11,24.2,30.8,28.6,78,0.0,4.6,330,C ,5,2
2024-02-12,23.8,29.4,26.6,80,0.6,4.5,250,W ,3,2
2024-02-13,23.2,32.1,29.5,69,5.2,0.0,270,C ,4,1
2024-02-14,23.2,31.9,29.7,73,,5.2,280,C ,5,2
2024-02-15,26.0,31.8,28.5,82,1.0,5.5,300,C ,5,1
2024-02-16,24.2,32.8,30.3,70,31.0,5.5,10,C ,4,2
2024-02-17,24.3,31.7,29.5,74,0.0,4.4,270,C ,4,2
2024-02-18,25.0,32.9,30.3,73,7.5,5.2,30,NE,3,1
2024-02-19,24.8,33.2,28.9,78,22.6,3.1,290,C ,4,2
2024-02-20,24.6,32.0,29.8,73,,1.7,350,C ,3,1
2024-02-21,24.9,33.9,31.0,70,0.0,2.5,320,N ,4,2
2024-02-22,25.0,34.0,30.9,71,0.0,5.7,60,C ,5,2
2024-02-23,25.0,34.3,31.3,67,,8.0,360,N ,5,2
2024-02-24,25.0,34.7,30.9,68,0.0,7.8,290,W ,6,2
2024-02-25,24.6,33.4,30.3,72,0.0,7.8,60,C ,5,1
2024-02-26,24.0,33.2,29.8,73,,2.6,100,C ,6,2
2024-02-27,23.8,35.0,31.3,63,,3.6,30,NE,5,2
2024-02-28,24.6,35.3,31.4,63,,5.4,70,E ,7,2
2024-02-29,24.6,32.2,29.3,79,,6.3,30,C ,5,1
2024-03-01,24.3,35.3,31.1,66,4.3,2.1,320,C ,4,1
2024-03-02,24.2,32.5,30.2,72,1.0,8.9,270,C ,5,1
2024-03-03,26.2,34.8,30.7,71,0.0,2.1,60,NE,4,2
2024-03-04,25.4,35.2,32.1,65,,1.9,60,NE,6,3
2024-03-05,25.6,33.2,27.9,84,0.0,7.1,260,C ,4,1
2024-03-06,24.0,35.8,31.3,65,78.3,2.2,20,C ,4,1
2024-03-07,25.8,33.4,30.2,70,,7.1,20,C ,5,2
2024-03-08,26.0,33.2,30.5,67,,2.2,240,C ,4,1
2024-03-09,26.0,31.9,28.4,83,,0.7,240,W ,5,2
2024-03-10,25.1,33.6,30.3,70,9.8,1.6,280,C ,4,2
2024-03-11,25.0,34.0,30.6,70,0.0,3.4,310,NW,5,2
2024-03-12,24.0,36.2,31.5,61,0.0,4.0,260,W ,5,2
2024-03-13,24.0,35.5,31.4,61,0.0,10.5,40,C ,5,2
2024-03-14,24.3,35.6,31.6,61,0.0,9.7,80,C ,3,2
2024-03-15,24.2,34.6,31.2,67,,9.0,30,NE,4,2
2024-03-16,25.0,34.1,30.2,72,,5.2,10,N ,6,3
2024-03-17,23.8,35.4,31.1,62,0.0,4.4,40,NE,6,2
2024-03-18,24.0,35.0,31.0,66,0.0,8.4,350,NE,4,2
2024-03-19,24.2,34.8,31.0,69,1.0,5.0,260,NE,4,2
2024-03-20,25.2,33.3,28.4,81,0.4,4.5,40,W ,8,2
2024-03-21,24.1,34.2,30.7,69,25.5,2.6,70,SW,3,2
2024-03-22,25.8,35.1,31.6,70,0.0,4.3,50,NE,6,2
2024-03-23,26.2,34.2,29.6,80,,6.2,310,C ,3,1
2024-03-24,25.0,34.8,31.7,71,47.3,2.4,30,C ,5,2
2024-03-25,25.2,34.8,30.5,76,,6.0,40,W ,5,2
2024-03-26,26.0,34.9,30.9,74,3.4,2.8,300,C ,4,1
2024-03-27,25.6,33.8,28.4,83,0.5,3.8,50,C ,5,1
2024-03-28,24.0,34.8,31.4,66,21.7,3.3,70,C ,2,0
2024-03-29,24.2,34.0,29.1,78,,5.7,90,C ,5,1
2024-03-30,24.6,35.5,28.5,80,0.0,2.5,300,C ,5,2
2024-03-31,24.5,35.4,31.5,67,29.1,5.3,80,NE,4,2
2024-04-01,24.6,33.8,30.8,74,0.0,6.9,20,C ,4,1
2024-04-02,25.0,33.4,29.4,81,5.6,4.2,260,C ,2,1
2024-04-03,25.2,34.2,30.9,73,31.0,3.5,30,C ,4,1
2024-04-04,25.0,34.8,31.1,71,2.0,5.0,300,NW,3,1
2024-04-05,25.2,35.4,32.3,65,,3.4,350,C ,3,1
2024-04-06,25.4,35.9,32.2,66,,6.8,30,W ,4,1
2024-04-07,25.2,36.6,32.4,62,0.0,7.0,60,C ,4,1
2024-04-08,25.2,34.8,32.2,63,0.0,8.1,270,C ,3,1
2024-04-09,26.4,34.9,30.4,74,,3.8,290,S ,2,1
2024-04-10,25.2,31.6,28.7,82,39.0,3.7,250,C ,2,0
2024-04-11,,34.5,30.6,74,0.8,0.0,50,C ,3,1
2024-04-12,24.0,35.7,32.0,65,1.8,3.9,60,E ,3,2
2024-04-13,,34.4,30.4,72,,7.5,330,C ,3,0
2024-04-14,24.6,34.8,28.5,81,3.5,2.4,300,C ,2,1
2024-04-15,24.8,35.0,31.2,71,61.5,5.4,20,C ,4,1
2024-04-16,24.5,35.6,31.3,69,0.0,4.6,210,C ,7,3
2024-04-17,24.3,35.0,31.3,68,57.7,6.1,280,C ,3,1
2024-04-18,24.6,33.8,29.4,79,36.8,5.7,50,C ,6,1
2024-04-19,24.0,,30.1,75,6.2,4.2,270,C ,3,1
2024-04-20,24.9,34.9,30.6,74,13.5,6.8,160,W ,5,2
2024-04-21,25.0,35.2,31.0,72,,6.8,320,NW,4,2
2024-04-22,25.4,36.2,32.3,66,0.0,7.4,270,C ,4,2
2024-04-23,25.7,34.5,32.1,68,,8.6,20,W ,5,2
2024-04-24,26.0,34.4,30.6,78,,4.8,320,C ,3,1
2024-04-25,26.1,31.2,28.7,84,5.0,3.7,290,C ,2,0
2024-04-26,25.4,34.4,30.7,72,14.7,0.4,70,C ,3,1
2024-04-27,25.4,35.4,31.7,70,3.4,3.9,40,C ,2,1
2024-04-28,26.0,36.6,33.2,66,0.0,5.0,50,NE,5,2
2024-04-29,26.1,35.0,30.4,78,,7.0,210,S ,4,2
2024-04-30,25.6,34.9,29.7,80,15.2,0.5,270,C ,2,1
2024-05-01,25.3,33.4,30.0,79,9.0,3.2,0,C ,0,0
2024-05-02,25.8,33.6,30.4,77,17.2,5.8,300,C ,2,1
2024-05-03,25.6,33.5,29.7,83,4.8,2.2,50,C ,5,1
2024-05-04,26.0,32.2,29.6,80,5.0,3.2,80,C ,3,1
2024-05-05,25.6,35.6,32.2,65,,0.0,60,NE,4,2
2024-05-06,25.0,36.0,32.4,64,0.0,8.7,200,C ,2,1
2024-05-07,25.0,32.8,28.9,80,0.0,7.9,290,C ,3,1
2024-05-08,25.0,35.3,31.8,67,15.5,2.3,20,W ,4,2
2024-05-09,25.2,35.8,32.4,64,0.0,7.6,50,C ,4,1
2024-05-10,25.3,36.0,32.2,68,0.0,6.7,100,E ,4,1
2024-05-11,26.3,32.4,28.0,86,0.0,5.6,230,C ,6,1
2024-05-12,24.9,,31.8,67,6.8,0.0,120,C ,5,2
2024-05-13,24.9,32.4,29.2,79,,7.8,60,W ,3,1
2024-05-14,25.2,35.0,31.5,69,,1.1,290,W ,3,1
2024-05-15,25.6,31.9,29.8,78,,4.9,40,C ,3,1
2024-05-16,24.8,30.4,27.4,87,,0.3,50,C ,2,0
2024-05-17,24.7,35.0,29.5,76,5.2,0.0,10,C ,4,1
2024-05-18,24.7,32.9,30.1,78,46.5,5.7,250,E ,2,1
2024-05-19,24.6,34.1,30.6,77,1.5,0.8,190,C ,5,1
2024-05-20,24.8,34.9,30.8,74,26.8,4.5,70,SE,3,1
2024-05-21,25.3,31.2,28.3,85,,3.1,30,C ,2,0
2024-05-22,25.6,34.8,30.4,73,,0.0,140,C ,5,2
2024-05-23,25.0,34.4,30.3,75,27.1,1.7,60,C ,2,1
2024-05-24,25.0,35.5,32.2,65,,2.9,110,E ,3,2
2024-05-25,26.2,34.4,31.3,70,,4.6,160,C ,3,1
2024-05-26,26.4,35.4,31.7,70,0.0,0.2,90,C ,4,1
2024-05-27,25.9,,33.1,60,0.0,1.8,140,C ,2,0
2024-05-28,25.9,35.8,32.2,71,,5.0,50,E ,3,1
2024-05-29,25.6,34.4,31.1,71,0.0,3.7,280,C ,2,1
2024-05-30,24.8,36.4,31.7,69,0.9,0.9,30,C ,3,1
2024-05-31,22.8,33.9,28.0,86,38.5,6.9,280,C ,3,1
2024-06-01,24.7,35.7,31.7,66,15.5,1.6,310,C ,3,1
2024-06-02,25.0,34.6,30.1,76,0.0,4.5,90,C ,3,1
2024-06-03,25.0,33.4,29.2,77,,2.1,260,W ,2,1
2024-06-04,24.7,37.0,32.5,60,2.0,1.9,50,NE,5,2
2024-06-05,26.1,36.5,32.7,61,0.0,8.8,140,C ,3,1
2024-06-06,26.1,35.3,31.3,67,,8.1,300,SE,5,2
2024-06-07,25.1,35.2,30.8,70,7.7,4.2,40,NE,5,2
2024-06-08,24.6,35.6,31.7,65,59.6,4.1,30,C ,4,1
2024-06-09,26.3,35.6,30.9,68,0.0,8.0,250,C ,5,1
2024-06-10,25.1,34.8,31.5,66,,5.7,160,NE,6,2
2024-06-11,25.2,35.8,32.2,65,9.5,7.8,60,C ,3,1
2024-06-12,23.8,34.7,29.1,77,45.5,4.4,120,C ,8,1
2024-06-13,24.5,35.3,31.4,68,41.4,5.4,270,NE,3,2
2024-06-14,25.0,34.8,31.6,66,,7.7,290,C ,2,1
2024-06-15,24.0,34.2,31.1,69,34.5,3.3,30,C ,4,1
2024-06-16,24.2,30.9,27.9,85,0.0,2.1,260,C ,4,1
2024-06-17,24.0,32.7,29.0,78,38.4,0.0,20,E ,3,2
2024-06-18,24.7,34.6,30.7,70,,1.0,40,C ,6,2
2024-06-19,23.7,35.0,30.2,71,71.6,6.5,350,C ,3,1
2024-06-20,24.0,32.3,28.8,80,48.9,6.7,40,C ,3,0
2024-06-21,22.5,33.0,29.0,75,59.0,0.7,180,C ,2,1
2024-06-22,23.6,33.4,29.6,71,22.3,1.4,140,C ,3,1
2024-06-23,23.6,34.8,31.4,64,,3.9,90,C ,5,2
2024-06-24,23.5,34.6,30.6,72,0.0,7.8,40,C ,6,1
2024-06-25,23.9,35.3,30.2,74,22.1,2.0,200,C ,4,1
2024-06-26,24.0,34.3,31.0,73,45.6,4.9,110,C ,3,1
2024-06-27,25.4,34.2,31.1,74,,4.3,160,C ,4,1
2024-06-28,24.2,35.2,31.2,68,0.0,1.8,180,C ,4,2
2024-06-29,24.0,34.6,28.6,79,10.0,5.1,280,C ,4,1
2024-06-30,24.0,33.8,30.1,72,18.4,4.0,20,N ,4,2
